"Date","Site.Name","COUNTY","meanlat","meanlong","month","year","PM2.5","Ozone"
"2018-01-02","Durham Armory","Durham",36.0329550008979,-78.904037,1,2018,43,NA
"2018-01-02","Pitt Agri. Center","Pitt",35.6412760008938,-77.360126,1,2018,26,NA
"2018-01-04","Castle Hayne","New Hanover",34.364167,-77.838611,1,2018,19,NA
"2018-01-04","Garinger High School","Mecklenburg",35.2401000008895,-80.785683,1,2018,NA,30
"2018-01-05","Clemmons Middle","Forsyth",36.026,-80.342,1,2018,37,NA
"2018-01-05","Garinger High School","Mecklenburg",35.2401000008895,-80.785683,1,2018,31,NA
"2018-01-05","Mendenhall School","Guilford",36.1090060008986,-79.802314,1,2018,23,NA
"2018-01-05","West Johnston Co.","Johnston",35.59095,-78.4622,1,2018,32,NA
"2018-01-07","Millbrook School","Wake",35.856111,-78.574167,1,2018,48,NA
"2018-01-08","Hattie Avenue","Forsyth",36.110693332,-80.2264378,1,2018,40,NA
"2018-01-09","Leggett","Edgecombe",35.988278,-77.5843,1,2018,19,NA
"2018-01-09","Millbrook School","Wake",35.856111,-78.574167,1,2018,NA,30
"2018-01-10","Bryson City","Swain",35.434767,-83.442133,1,2018,56,NA
"2018-01-11","Garinger High School","Mecklenburg",35.2401000008895,-80.785683,1,2018,36,NA
"2018-01-11","Hattie Avenue","Forsyth",36.110693332,-80.2264378,1,2018,56,NA
"2018-01-11","Linville Falls","Avery",35.972347,-81.933072,1,2018,3,NA
"2018-01-11","Pitt Agri. Center","Pitt",35.6412760008938,-77.360126,1,2018,31,NA
"2018-01-15","Durham Armory","Durham",36.0329550008979,-78.904037,1,2018,44,NA
"2018-01-17","Castle Hayne","New Hanover",34.364167,-77.838611,1,2018,24,NA
"2018-01-17","Durham Armory","Durham",36.0329550008979,-78.904037,1,2018,51,NA
"2018-01-17","Garinger High School","Mecklenburg",35.2401000008895,-80.785683,1,2018,NA,28
"2018-01-17","Hattie Avenue","Forsyth",36.110693332,-80.2264378,1,2018,41,NA
"2018-01-18","Clemmons Middle","Forsyth",36.026,-80.342,1,2018,40,NA
"2018-01-18","Mendenhall School","Guilford",36.1090060008986,-79.802314,1,2018,34,NA
"2018-01-18","West Johnston Co.","Johnston",35.59095,-78.4622,1,2018,50,NA
"2018-01-20","Millbrook School","Wake",35.856111,-78.574167,1,2018,55,NA
"2018-01-22","Leggett","Edgecombe",35.988278,-77.5843,1,2018,40,NA
"2018-01-23","Bryson City","Swain",35.434767,-83.442133,1,2018,17,NA
"2018-01-24","Garinger High School","Mecklenburg",35.2401000008895,-80.785683,1,2018,22,NA
"2018-01-24","Hattie Avenue","Forsyth",36.110693332,-80.2264378,1,2018,15,NA
"2018-01-24","Millbrook School","Wake",35.856111,-78.574167,1,2018,NA,31
"2018-01-24","Pitt Agri. Center","Pitt",35.6412760008938,-77.360126,1,2018,9,NA
"2018-01-28","Durham Armory","Durham",36.0329550008979,-78.904037,1,2018,25,NA
"2018-01-31","Clemmons Middle","Forsyth",36.026,-80.342,1,2018,35,NA
"2018-01-31","Garinger High School","Mecklenburg",35.2401000008895,-80.785683,1,2018,NA,31
"2018-01-31","Mendenhall School","Guilford",36.1090060008986,-79.802314,1,2018,26,NA
"2018-01-31","West Johnston Co.","Johnston",35.59095,-78.4622,1,2018,22,NA
"2018-02-01","Castle Hayne","New Hanover",34.364167,-77.838611,2,2018,15,NA
"2018-02-02","Millbrook School","Wake",35.856111,-78.574167,2,2018,25,NA
"2018-02-04","Frying Pan Mountain","Haywood",35.379167,-82.7925,2,2018,2,NA
"2018-02-04","Leggett","Edgecombe",35.988278,-77.5843,2,2018,13,NA
"2018-02-04","Millbrook School","Wake",35.856111,-78.574167,2,2018,15,NA
"2018-02-05","Bryson City","Swain",35.434767,-83.442133,2,2018,25,NA
"2018-02-06","Garinger High School","Mecklenburg",35.2401000008895,-80.785683,2,2018,36,NA
"2018-02-06","Hattie Avenue","Forsyth",36.110693332,-80.2264378,2,2018,37,NA
"2018-02-06","Millbrook School","Wake",35.856111,-78.574167,2,2018,NA,32
"2018-02-10","Durham Armory","Durham",36.0329550008979,-78.904037,2,2018,42,NA
"2018-02-10","Pitt Agri. Center","Pitt",35.6412760008938,-77.360126,2,2018,23,NA
"2018-02-13","Clemmons Middle","Forsyth",36.026,-80.342,2,2018,30,NA
"2018-02-13","Garinger High School","Mecklenburg",35.2401000008895,-80.785683,2,2018,20,32
"2018-02-13","Mendenhall School","Guilford",36.1090060008986,-79.802314,2,2018,26,NA
"2018-02-13","West Johnston Co.","Johnston",35.59095,-78.4622,2,2018,34,NA
"2018-02-14","Castle Hayne","New Hanover",34.364167,-77.838611,2,2018,15,NA
"2018-02-14","Pitt Agri. Center","Pitt",35.6412760008938,-77.360126,2,2018,36,NA
"2018-02-15","Millbrook School","Wake",35.856111,-78.574167,2,2018,32,NA
"2018-02-17","Leggett","Edgecombe",35.988278,-77.5843,2,2018,13,NA
"2018-02-18","Bryson City","Swain",35.434767,-83.442133,2,2018,7,NA
"2018-02-19","Garinger High School","Mecklenburg",35.2401000008895,-80.785683,2,2018,31,NA
"2018-02-19","Hattie Avenue","Forsyth",36.110693332,-80.2264378,2,2018,46,NA
"2018-02-19","Linville Falls","Avery",35.972347,-81.933072,2,2018,13,NA
"2018-02-19","Millbrook School","Wake",35.856111,-78.574167,2,2018,NA,23
"2018-02-23","Durham Armory","Durham",36.0329550008979,-78.904037,2,2018,45,NA
"2018-02-25","Durham Armory","Durham",36.0329550008979,-78.904037,2,2018,26,NA
"2018-02-26","Clemmons Middle","Forsyth",36.026,-80.342,2,2018,19,NA
"2018-02-26","Mendenhall School","Guilford",36.1090060008986,-79.802314,2,2018,19,NA
"2018-02-26","West Johnston Co.","Johnston",35.59095,-78.4622,2,2018,18,NA
"2018-02-27","Garinger High School","Mecklenburg",35.2401000008895,-80.785683,2,2018,NA,42
"2018-02-27","Pitt Agri. Center","Pitt",35.6412760008938,-77.360126,2,2018,18,NA
"2018-02-28","Castle Hayne","New Hanover",34.364167,-77.838611,2,2018,6,NA
"2018-02-28","Hattie Avenue","Forsyth",36.110693332,-80.2264378,2,2018,38,NA
"2018-02-28","Millbrook School","Wake",35.856111,-78.574167,2,2018,43,NA
"2018-03-01","Castle Hayne","New Hanover",34.364167,-77.838611,3,2018,NA,32
"2018-03-02","Leggett","Edgecombe",35.988278,-77.5843,3,2018,3,NA
"2018-03-03","Bryson City","Swain",35.434767,-83.442133,3,2018,23,NA
"2018-03-03","Pitt Agri. Center","Pitt",35.6412760008938,-77.360126,3,2018,NA,44
"2018-03-04","Bryson City","Swain",35.434767,-83.442133,3,2018,NA,42
"2018-03-04","Clemmons Middle","Forsyth",36.026,-80.342,3,2018,NA,46
"2018-03-04","Frying Pan Mountain","Haywood",35.379167,-82.7925,3,2018,NA,47
"2018-03-04","Garinger High School","Mecklenburg",35.2401000008895,-80.785683,3,2018,20,NA
"2018-03-04","Hattie Avenue","Forsyth",36.110693332,-80.2264378,3,2018,16,NA
"2018-03-04","Millbrook School","Wake",35.856111,-78.574167,3,2018,NA,43
"2018-03-05","Linville Falls","Avery",35.972347,-81.933072,3,2018,NA,44
"2018-03-07","Mendenhall School","Guilford",36.1090060008986,-79.802314,3,2018,NA,35
"2018-03-08","Durham Armory","Durham",36.0329550008979,-78.904037,3,2018,27,NA
"2018-03-09","West Johnston Co.","Johnston",35.59095,-78.4622,3,2018,NA,43
"2018-03-10","Durham Armory","Durham",36.0329550008979,-78.904037,3,2018,NA,18
"2018-03-10","Leggett","Edgecombe",35.988278,-77.5843,3,2018,NA,37
"2018-03-11","Clemmons Middle","Forsyth",36.026,-80.342,3,2018,70,NA
"2018-03-11","Mendenhall School","Guilford",36.1090060008986,-79.802314,3,2018,60,NA
"2018-03-11","West Johnston Co.","Johnston",35.59095,-78.4622,3,2018,55,NA
"2018-03-12","Garinger High School","Mecklenburg",35.2401000008895,-80.785683,3,2018,NA,34
"2018-03-12","Hattie Avenue","Forsyth",36.110693332,-80.2264378,3,2018,NA,40
"2018-03-12","Pitt Agri. Center","Pitt",35.6412760008938,-77.360126,3,2018,24,NA
"2018-03-13","Castle Hayne","New Hanover",34.364167,-77.838611,3,2018,20,NA
"2018-03-13","Millbrook School","Wake",35.856111,-78.574167,3,2018,31,NA
"2018-03-15","Leggett","Edgecombe",35.988278,-77.5843,3,2018,29,NA
"2018-03-15","Millbrook School","Wake",35.856111,-78.574167,3,2018,29,NA
"2018-03-16","Bryson City","Swain",35.434767,-83.442133,3,2018,66,NA
"2018-03-16","Castle Hayne","New Hanover",34.364167,-77.838611,3,2018,NA,71
"2018-03-16","Pitt Agri. Center","Pitt",35.6412760008938,-77.360126,3,2018,NA,51
"2018-03-17","Bryson City","Swain",35.434767,-83.442133,3,2018,NA,44
"2018-03-17","Clemmons Middle","Forsyth",36.026,-80.342,3,2018,NA,51
"2018-03-17","Garinger High School","Mecklenburg",35.2401000008895,-80.785683,3,2018,50,NA
"2018-03-17","Hattie Avenue","Forsyth",36.110693332,-80.2264378,3,2018,41,NA
"2018-03-18","Millbrook School","Wake",35.856111,-78.574167,3,2018,NA,44
"2018-03-19","Linville Falls","Avery",35.972347,-81.933072,3,2018,NA,43
"2018-03-20","Mendenhall School","Guilford",36.1090060008986,-79.802314,3,2018,NA,34
"2018-03-21","Durham Armory","Durham",36.0329550008979,-78.904037,3,2018,23,NA
"2018-03-21","Hattie Avenue","Forsyth",36.110693332,-80.2264378,3,2018,11,NA
"2018-03-21","Pitt Agri. Center","Pitt",35.6412760008938,-77.360126,3,2018,7,NA
"2018-03-22","West Johnston Co.","Johnston",35.59095,-78.4622,3,2018,NA,42
"2018-03-23","Durham Armory","Durham",36.0329550008979,-78.904037,3,2018,NA,47
"2018-03-23","Leggett","Edgecombe",35.988278,-77.5843,3,2018,NA,47
"2018-03-24","Clemmons Middle","Forsyth",36.026,-80.342,3,2018,42,NA
"2018-03-24","Garinger High School","Mecklenburg",35.2401000008895,-80.785683,3,2018,32,NA
"2018-03-24","Mendenhall School","Guilford",36.1090060008986,-79.802314,3,2018,39,NA
"2018-03-24","West Johnston Co.","Johnston",35.59095,-78.4622,3,2018,38,NA
"2018-03-25","Garinger High School","Mecklenburg",35.2401000008895,-80.785683,3,2018,NA,44
"2018-03-25","Hattie Avenue","Forsyth",36.110693332,-80.2264378,3,2018,NA,49
"2018-03-25","Pitt Agri. Center","Pitt",35.6412760008938,-77.360126,3,2018,18,NA
"2018-03-26","Castle Hayne","New Hanover",34.364167,-77.838611,3,2018,13,NA
"2018-03-26","Millbrook School","Wake",35.856111,-78.574167,3,2018,29,NA
"2018-03-27","Frying Pan Mountain","Haywood",35.379167,-82.7925,3,2018,NA,44
"2018-03-29","Bryson City","Swain",35.434767,-83.442133,3,2018,38,NA
"2018-03-29","Castle Hayne","New Hanover",34.364167,-77.838611,3,2018,NA,44
"2018-03-29","Pitt Agri. Center","Pitt",35.6412760008938,-77.360126,3,2018,NA,44
"2018-03-30","Bryson City","Swain",35.434767,-83.442133,3,2018,NA,39
"2018-03-30","Clemmons Middle","Forsyth",36.026,-80.342,3,2018,NA,44
"2018-03-30","Frying Pan Mountain","Haywood",35.379167,-82.7925,3,2018,4,NA
"2018-03-30","Garinger High School","Mecklenburg",35.2401000008895,-80.785683,3,2018,19,NA
"2018-03-30","Hattie Avenue","Forsyth",36.110693332,-80.2264378,3,2018,22,NA
"2018-03-31","Millbrook School","Wake",35.856111,-78.574167,3,2018,NA,45
"2018-04-01","Leggett","Edgecombe",35.988278,-77.5843,4,2018,34,NA
"2018-04-02","Linville Falls","Avery",35.972347,-81.933072,4,2018,25,NA
"2018-04-02","Mendenhall School","Guilford",36.1090060008986,-79.802314,4,2018,NA,54
"2018-04-04","Linville Falls","Avery",35.972347,-81.933072,4,2018,NA,44
"2018-04-04","West Johnston Co.","Johnston",35.59095,-78.4622,4,2018,NA,44
"2018-04-05","Durham Armory","Durham",36.0329550008979,-78.904037,4,2018,19,45
"2018-04-06","Clemmons Middle","Forsyth",36.026,-80.342,4,2018,43,NA
"2018-04-06","West Johnston Co.","Johnston",35.59095,-78.4622,4,2018,48,NA
"2018-04-07","Hattie Avenue","Forsyth",36.110693332,-80.2264378,4,2018,NA,44
"2018-04-07","Pitt Agri. Center","Pitt",35.6412760008938,-77.360126,4,2018,25,NA
"2018-04-08","Castle Hayne","New Hanover",34.364167,-77.838611,4,2018,9,NA
"2018-04-08","Durham Armory","Durham",36.0329550008979,-78.904037,4,2018,32,NA
"2018-04-08","Garinger High School","Mecklenburg",35.2401000008895,-80.785683,4,2018,NA,44
"2018-04-08","Mendenhall School","Guilford",36.1090060008986,-79.802314,4,2018,15,NA
"2018-04-08","Millbrook School","Wake",35.856111,-78.574167,4,2018,28,NA
"2018-04-09","Leggett","Edgecombe",35.988278,-77.5843,4,2018,NA,39
"2018-04-09","Millbrook School","Wake",35.856111,-78.574167,4,2018,33,NA
"2018-04-11","Bryson City","Swain",35.434767,-83.442133,4,2018,27,NA
"2018-04-11","Castle Hayne","New Hanover",34.364167,-77.838611,4,2018,NA,48
"2018-04-11","Frying Pan Mountain","Haywood",35.379167,-82.7925,4,2018,NA,46
"2018-04-12","Bryson City","Swain",35.434767,-83.442133,4,2018,NA,54
"2018-04-12","Clemmons Middle","Forsyth",36.026,-80.342,4,2018,NA,71
"2018-04-12","Garinger High School","Mecklenburg",35.2401000008895,-80.785683,4,2018,51,NA
"2018-04-12","Hattie Avenue","Forsyth",36.110693332,-80.2264378,4,2018,59,NA
"2018-04-13","Millbrook School","Wake",35.856111,-78.574167,4,2018,NA,51
"2018-04-14","Leggett","Edgecombe",35.988278,-77.5843,4,2018,29,NA
"2018-04-14","Pitt Agri. Center","Pitt",35.6412760008938,-77.360126,4,2018,NA,45
"2018-04-15","Mendenhall School","Guilford",36.1090060008986,-79.802314,4,2018,NA,36
"2018-04-17","Hattie Avenue","Forsyth",36.110693332,-80.2264378,4,2018,17,NA
"2018-04-17","West Johnston Co.","Johnston",35.59095,-78.4622,4,2018,NA,47
"2018-04-18","Durham Armory","Durham",36.0329550008979,-78.904037,4,2018,NA,58
"2018-04-18","Linville Falls","Avery",35.972347,-81.933072,4,2018,NA,77
"2018-04-19","Clemmons Middle","Forsyth",36.026,-80.342,4,2018,37,NA
"2018-04-19","West Johnston Co.","Johnston",35.59095,-78.4622,4,2018,33,NA
"2018-04-20","Hattie Avenue","Forsyth",36.110693332,-80.2264378,4,2018,NA,67
"2018-04-20","Pitt Agri. Center","Pitt",35.6412760008938,-77.360126,4,2018,21,NA
"2018-04-21","Castle Hayne","New Hanover",34.364167,-77.838611,4,2018,7,NA
"2018-04-21","Durham Armory","Durham",36.0329550008979,-78.904037,4,2018,38,NA
"2018-04-21","Garinger High School","Mecklenburg",35.2401000008895,-80.785683,4,2018,NA,71
"2018-04-21","Mendenhall School","Guilford",36.1090060008986,-79.802314,4,2018,30,NA
"2018-04-21","Millbrook School","Wake",35.856111,-78.574167,4,2018,45,NA
"2018-04-22","Millbrook School","Wake",35.856111,-78.574167,4,2018,29,NA
"2018-04-23","Millbrook School","Wake",35.856111,-78.574167,4,2018,20,NA
"2018-04-24","Bryson City","Swain",35.434767,-83.442133,4,2018,9,NA
"2018-04-24","Castle Hayne","New Hanover",34.364167,-77.838611,4,2018,NA,54
"2018-04-24","Frying Pan Mountain","Haywood",35.379167,-82.7925,4,2018,NA,45
"2018-04-25","Bryson City","Swain",35.434767,-83.442133,4,2018,NA,37
"2018-04-25","Clemmons Middle","Forsyth",36.026,-80.342,4,2018,NA,40
"2018-04-25","Garinger High School","Mecklenburg",35.2401000008895,-80.785683,4,2018,15,NA
"2018-04-25","Leggett","Edgecombe",35.988278,-77.5843,4,2018,NA,34
"2018-04-26","Millbrook School","Wake",35.856111,-78.574167,4,2018,NA,44
"2018-04-27","Leggett","Edgecombe",35.988278,-77.5843,4,2018,26,NA
"2018-04-27","Pitt Agri. Center","Pitt",35.6412760008938,-77.360126,4,2018,NA,48
"2018-04-29","Pitt Agri. Center","Pitt",35.6412760008938,-77.360126,4,2018,25,NA
"2018-04-30","West Johnston Co.","Johnston",35.59095,-78.4622,4,2018,NA,51
"2018-05-01","Durham Armory","Durham",36.0329550008979,-78.904037,5,2018,NA,64
"2018-05-01","Hattie Avenue","Forsyth",36.110693332,-80.2264378,5,2018,43,NA
"2018-05-01","Linville Falls","Avery",35.972347,-81.933072,5,2018,NA,80
"2018-05-01","Mendenhall School","Guilford",36.1090060008986,-79.802314,5,2018,NA,80
"2018-05-02","Garinger High School","Mecklenburg",35.2401000008895,-80.785683,5,2018,40,NA
"2018-05-02","West Johnston Co.","Johnston",35.59095,-78.4622,5,2018,47,NA
"2018-05-03","Hattie Avenue","Forsyth",36.110693332,-80.2264378,5,2018,NA,74
"2018-05-03","Pitt Agri. Center","Pitt",35.6412760008938,-77.360126,5,2018,28,NA
"2018-05-04","Durham Armory","Durham",36.0329550008979,-78.904037,5,2018,39,NA
"2018-05-04","Garinger High School","Mecklenburg",35.2401000008895,-80.785683,5,2018,NA,47
"2018-05-04","Mendenhall School","Guilford",36.1090060008986,-79.802314,5,2018,43,NA
"2018-05-04","Millbrook School","Wake",35.856111,-78.574167,5,2018,40,NA
"2018-05-05","Castle Hayne","New Hanover",34.364167,-77.838611,5,2018,8,NA
"2018-05-07","Bryson City","Swain",35.434767,-83.442133,5,2018,33,NA
"2018-05-08","Castle Hayne","New Hanover",34.364167,-77.838611,5,2018,NA,35
"2018-05-08","Clemmons Middle","Forsyth",36.026,-80.342,5,2018,NA,71
"2018-05-08","Frying Pan Mountain","Haywood",35.379167,-82.7925,5,2018,14,NA
"2018-05-08","Garinger High School","Mecklenburg",35.2401000008895,-80.785683,5,2018,31,NA
"2018-05-09","Bryson City","Swain",35.434767,-83.442133,5,2018,NA,47
"2018-05-09","Frying Pan Mountain","Haywood",35.379167,-82.7925,5,2018,NA,80
"2018-05-09","Leggett","Edgecombe",35.988278,-77.5843,5,2018,NA,25
"2018-05-09","Millbrook School","Wake",35.856111,-78.574167,5,2018,NA,58
"2018-05-10","Leggett","Edgecombe",35.988278,-77.5843,5,2018,38,NA
"2018-05-10","Pitt Agri. Center","Pitt",35.6412760008938,-77.360126,5,2018,NA,64
"2018-05-11","Clemmons Middle","Forsyth",36.026,-80.342,5,2018,52,NA
"2018-05-11","Linville Falls","Avery",35.972347,-81.933072,5,2018,35,NA
"2018-05-11","Millbrook School","Wake",35.856111,-78.574167,5,2018,55,NA
"2018-05-13","West Johnston Co.","Johnston",35.59095,-78.4622,5,2018,NA,58
"2018-05-14","Durham Armory","Durham",36.0329550008979,-78.904037,5,2018,53,NA
"2018-05-14","Hattie Avenue","Forsyth",36.110693332,-80.2264378,5,2018,62,NA
"2018-05-14","Linville Falls","Avery",35.972347,-81.933072,5,2018,NA,50
"2018-05-14","Mendenhall School","Guilford",36.1090060008986,-79.802314,5,2018,NA,87
"2018-05-15","Durham Armory","Durham",36.0329550008979,-78.904037,5,2018,NA,25
"2018-05-15","West Johnston Co.","Johnston",35.59095,-78.4622,5,2018,32,NA
"2018-05-16","Pitt Agri. Center","Pitt",35.6412760008938,-77.360126,5,2018,24,NA
"2018-05-17","Durham Armory","Durham",36.0329550008979,-78.904037,5,2018,17,NA
"2018-05-17","Garinger High School","Mecklenburg",35.2401000008895,-80.785683,5,2018,NA,31
"2018-05-17","Hattie Avenue","Forsyth",36.110693332,-80.2264378,5,2018,NA,29
"2018-05-17","Millbrook School","Wake",35.856111,-78.574167,5,2018,15,NA
"2018-05-18","Castle Hayne","New Hanover",34.364167,-77.838611,5,2018,0,NA
"2018-05-20","Bryson City","Swain",35.434767,-83.442133,5,2018,38,NA
"2018-05-21","Clemmons Middle","Forsyth",36.026,-80.342,5,2018,NA,42
"2018-05-21","Garinger High School","Mecklenburg",35.2401000008895,-80.785683,5,2018,23,NA
"2018-05-21","Mendenhall School","Guilford",36.1090060008986,-79.802314,5,2018,33,NA
"2018-05-22","Bryson City","Swain",35.434767,-83.442133,5,2018,NA,25
"2018-05-22","Millbrook School","Wake",35.856111,-78.574167,5,2018,NA,27
"2018-05-23","Castle Hayne","New Hanover",34.364167,-77.838611,5,2018,NA,29
"2018-05-23","Leggett","Edgecombe",35.988278,-77.5843,5,2018,27,NA
"2018-05-23","Pitt Agri. Center","Pitt",35.6412760008938,-77.360126,5,2018,NA,36
"2018-05-24","Clemmons Middle","Forsyth",36.026,-80.342,5,2018,38,NA
"2018-05-24","Millbrook School","Wake",35.856111,-78.574167,5,2018,33,NA
"2018-05-25","Frying Pan Mountain","Haywood",35.379167,-82.7925,5,2018,NA,30
"2018-05-26","Leggett","Edgecombe",35.988278,-77.5843,5,2018,NA,24
"2018-05-26","West Johnston Co.","Johnston",35.59095,-78.4622,5,2018,NA,24
"2018-05-27","Hattie Avenue","Forsyth",36.110693332,-80.2264378,5,2018,30,NA
"2018-05-27","Linville Falls","Avery",35.972347,-81.933072,5,2018,NA,31
"2018-05-27","Mendenhall School","Guilford",36.1090060008986,-79.802314,5,2018,NA,26
"2018-05-28","Durham Armory","Durham",36.0329550008979,-78.904037,5,2018,NA,18
"2018-05-28","West Johnston Co.","Johnston",35.59095,-78.4622,5,2018,18,NA
"2018-05-30","Durham Armory","Durham",36.0329550008979,-78.904037,5,2018,11,NA
"2018-05-30","Garinger High School","Mecklenburg",35.2401000008895,-80.785683,5,2018,NA,28
"2018-05-30","Hattie Avenue","Forsyth",36.110693332,-80.2264378,5,2018,NA,28
"2018-05-30","Millbrook School","Wake",35.856111,-78.574167,5,2018,21,NA
"2018-05-30","Pitt Agri. Center","Pitt",35.6412760008938,-77.360126,5,2018,22,NA
"2018-06-01","Millbrook School","Wake",35.856111,-78.574167,6,2018,28,NA
"2018-06-03","Clemmons Middle","Forsyth",36.026,-80.342,6,2018,NA,44
"2018-06-03","Garinger High School","Mecklenburg",35.2401000008895,-80.785683,6,2018,30,NA
"2018-06-03","Mendenhall School","Guilford",36.1090060008986,-79.802314,6,2018,28,NA
"2018-06-04","Bryson City","Swain",35.434767,-83.442133,6,2018,NA,58
"2018-06-04","Hattie Avenue","Forsyth",36.110693332,-80.2264378,6,2018,22,NA
"2018-06-04","Millbrook School","Wake",35.856111,-78.574167,6,2018,NA,77
"2018-06-05","Bryson City","Swain",35.434767,-83.442133,6,2018,26,NA
"2018-06-05","Castle Hayne","New Hanover",34.364167,-77.838611,6,2018,NA,47
"2018-06-05","Leggett","Edgecombe",35.988278,-77.5843,6,2018,40,NA
"2018-06-05","Pitt Agri. Center","Pitt",35.6412760008938,-77.360126,6,2018,NA,50
"2018-06-06","Clemmons Middle","Forsyth",36.026,-80.342,6,2018,38,NA
"2018-06-06","Millbrook School","Wake",35.856111,-78.574167,6,2018,38,NA
"2018-06-07","Frying Pan Mountain","Haywood",35.379167,-82.7925,6,2018,NA,49
"2018-06-07","Pitt Agri. Center","Pitt",35.6412760008938,-77.360126,6,2018,30,NA
"2018-06-08","West Johnston Co.","Johnston",35.59095,-78.4622,6,2018,NA,58
"2018-06-09","Hattie Avenue","Forsyth",36.110693332,-80.2264378,6,2018,52,NA
"2018-06-09","Leggett","Edgecombe",35.988278,-77.5843,6,2018,NA,44
"2018-06-09","Linville Falls","Avery",35.972347,-81.933072,6,2018,NA,42
"2018-06-09","Mendenhall School","Guilford",36.1090060008986,-79.802314,6,2018,NA,58
"2018-06-10","Durham Armory","Durham",36.0329550008979,-78.904037,6,2018,NA,45
"2018-06-10","Garinger High School","Mecklenburg",35.2401000008895,-80.785683,6,2018,44,NA
"2018-06-10","West Johnston Co.","Johnston",35.59095,-78.4622,6,2018,47,NA
"2018-06-12","Castle Hayne","New Hanover",34.364167,-77.838611,6,2018,23,NA
"2018-06-12","Durham Armory","Durham",36.0329550008979,-78.904037,6,2018,25,NA
"2018-06-12","Garinger High School","Mecklenburg",35.2401000008895,-80.785683,6,2018,NA,30
"2018-06-12","Hattie Avenue","Forsyth",36.110693332,-80.2264378,6,2018,NA,31
"2018-06-12","Millbrook School","Wake",35.856111,-78.574167,6,2018,29,NA
"2018-06-12","Pitt Agri. Center","Pitt",35.6412760008938,-77.360126,6,2018,28,NA
"2018-06-13","Hattie Avenue","Forsyth",36.110693332,-80.2264378,6,2018,35,NA
"2018-06-16","Clemmons Middle","Forsyth",36.026,-80.342,6,2018,NA,61
"2018-06-16","Mendenhall School","Guilford",36.1090060008986,-79.802314,6,2018,55,NA
"2018-06-17","Bryson City","Swain",35.434767,-83.442133,6,2018,NA,35
"2018-06-17","Millbrook School","Wake",35.856111,-78.574167,6,2018,NA,47
"2018-06-18","Castle Hayne","New Hanover",34.364167,-77.838611,6,2018,NA,32
"2018-06-18","Leggett","Edgecombe",35.988278,-77.5843,6,2018,54,NA
"2018-06-18","Pitt Agri. Center","Pitt",35.6412760008938,-77.360126,6,2018,NA,54
"2018-06-19","Clemmons Middle","Forsyth",36.026,-80.342,6,2018,57,NA
"2018-06-19","Frying Pan Mountain","Haywood",35.379167,-82.7925,6,2018,32,NA
"2018-06-19","Linville Falls","Avery",35.972347,-81.933072,6,2018,42,NA
"2018-06-19","Millbrook School","Wake",35.856111,-78.574167,6,2018,61,NA
"2018-06-21","Frying Pan Mountain","Haywood",35.379167,-82.7925,6,2018,NA,40
"2018-06-21","Garinger High School","Mecklenburg",35.2401000008895,-80.785683,6,2018,48,NA
"2018-06-21","West Johnston Co.","Johnston",35.59095,-78.4622,6,2018,NA,36
"2018-06-22","Durham Armory","Durham",36.0329550008979,-78.904037,6,2018,30,NA
"2018-06-22","Hattie Avenue","Forsyth",36.110693332,-80.2264378,6,2018,31,NA
"2018-06-22","Linville Falls","Avery",35.972347,-81.933072,6,2018,NA,32
"2018-06-22","Mendenhall School","Guilford",36.1090060008986,-79.802314,6,2018,NA,48
"2018-06-23","Leggett","Edgecombe",35.988278,-77.5843,6,2018,NA,40
"2018-06-23","West Johnston Co.","Johnston",35.59095,-78.4622,6,2018,46,NA
"2018-06-25","Castle Hayne","New Hanover",34.364167,-77.838611,6,2018,35,NA
"2018-06-25","Durham Armory","Durham",36.0329550008979,-78.904037,6,2018,44,43
"2018-06-25","Garinger High School","Mecklenburg",35.2401000008895,-80.785683,6,2018,NA,67
"2018-06-25","Hattie Avenue","Forsyth",36.110693332,-80.2264378,6,2018,NA,38
"2018-06-25","Millbrook School","Wake",35.856111,-78.574167,6,2018,40,NA
"2018-06-25","Pitt Agri. Center","Pitt",35.6412760008938,-77.360126,6,2018,36,NA
"2018-06-29","Clemmons Middle","Forsyth",36.026,-80.342,6,2018,NA,74
"2018-06-29","Mendenhall School","Guilford",36.1090060008986,-79.802314,6,2018,40,NA
"2018-06-30","Bryson City","Swain",35.434767,-83.442133,6,2018,NA,39
"2018-06-30","Millbrook School","Wake",35.856111,-78.574167,6,2018,NA,49
"2018-07-01","Castle Hayne","New Hanover",34.364167,-77.838611,7,2018,NA,26
"2018-07-01","Leggett","Edgecombe",35.988278,-77.5843,7,2018,35,NA
"2018-07-01","Pitt Agri. Center","Pitt",35.6412760008938,-77.360126,7,2018,NA,40
"2018-07-02","Clemmons Middle","Forsyth",36.026,-80.342,7,2018,32,NA
"2018-07-02","Millbrook School","Wake",35.856111,-78.574167,7,2018,42,NA
"2018-07-04","Garinger High School","Mecklenburg",35.2401000008895,-80.785683,7,2018,47,NA
"2018-07-04","West Johnston Co.","Johnston",35.59095,-78.4622,7,2018,NA,27
"2018-07-05","Frying Pan Mountain","Haywood",35.379167,-82.7925,7,2018,NA,30
"2018-07-05","Hattie Avenue","Forsyth",36.110693332,-80.2264378,7,2018,26,NA
"2018-07-05","Linville Falls","Avery",35.972347,-81.933072,7,2018,NA,26
"2018-07-05","Mendenhall School","Guilford",36.1090060008986,-79.802314,7,2018,NA,30
"2018-07-06","Leggett","Edgecombe",35.988278,-77.5843,7,2018,NA,34
"2018-07-06","West Johnston Co.","Johnston",35.59095,-78.4622,7,2018,24,NA
"2018-07-07","Bryson City","Swain",35.434767,-83.442133,7,2018,29,NA
"2018-07-08","Castle Hayne","New Hanover",34.364167,-77.838611,7,2018,10,NA
"2018-07-08","Durham Armory","Durham",36.0329550008979,-78.904037,7,2018,24,34
"2018-07-08","Garinger High School","Mecklenburg",35.2401000008895,-80.785683,7,2018,NA,61
"2018-07-08","Hattie Avenue","Forsyth",36.110693332,-80.2264378,7,2018,NA,50
"2018-07-08","Millbrook School","Wake",35.856111,-78.574167,7,2018,23,NA
"2018-07-08","Pitt Agri. Center","Pitt",35.6412760008938,-77.360126,7,2018,22,NA
"2018-07-10","Millbrook School","Wake",35.856111,-78.574167,7,2018,45,NA
"2018-07-12","Clemmons Middle","Forsyth",36.026,-80.342,7,2018,NA,97
"2018-07-12","Mendenhall School","Guilford",36.1090060008986,-79.802314,7,2018,54,NA
"2018-07-13","Bryson City","Swain",35.434767,-83.442133,7,2018,NA,37
"2018-07-13","Millbrook School","Wake",35.856111,-78.574167,7,2018,NA,48
"2018-07-14","Castle Hayne","New Hanover",34.364167,-77.838611,7,2018,NA,33
"2018-07-14","Pitt Agri. Center","Pitt",35.6412760008938,-77.360126,7,2018,NA,37
"2018-07-15","Clemmons Middle","Forsyth",36.026,-80.342,7,2018,38,NA
"2018-07-15","Millbrook School","Wake",35.856111,-78.574167,7,2018,52,NA
"2018-07-16","Hattie Avenue","Forsyth",36.110693332,-80.2264378,7,2018,41,NA
"2018-07-16","Pitt Agri. Center","Pitt",35.6412760008938,-77.360126,7,2018,34,NA
"2018-07-17","Garinger High School","Mecklenburg",35.2401000008895,-80.785683,7,2018,30,NA
"2018-07-17","West Johnston Co.","Johnston",35.59095,-78.4622,7,2018,NA,40
"2018-07-18","Frying Pan Mountain","Haywood",35.379167,-82.7925,7,2018,NA,50
"2018-07-18","Hattie Avenue","Forsyth",36.110693332,-80.2264378,7,2018,32,NA
"2018-07-18","Leggett","Edgecombe",35.988278,-77.5843,7,2018,31,NA
"2018-07-18","Linville Falls","Avery",35.972347,-81.933072,7,2018,NA,39
"2018-07-18","Mendenhall School","Guilford",36.1090060008986,-79.802314,7,2018,NA,44
"2018-07-19","Garinger High School","Mecklenburg",35.2401000008895,-80.785683,7,2018,45,NA
"2018-07-19","Leggett","Edgecombe",35.988278,-77.5843,7,2018,NA,54
"2018-07-19","West Johnston Co.","Johnston",35.59095,-78.4622,7,2018,34,NA
"2018-07-20","Bryson City","Swain",35.434767,-83.442133,7,2018,44,NA
"2018-07-21","Castle Hayne","New Hanover",34.364167,-77.838611,7,2018,5,NA
"2018-07-21","Durham Armory","Durham",36.0329550008979,-78.904037,7,2018,35,38
"2018-07-21","Garinger High School","Mecklenburg",35.2401000008895,-80.785683,7,2018,NA,50
"2018-07-21","Hattie Avenue","Forsyth",36.110693332,-80.2264378,7,2018,NA,64
"2018-07-21","Millbrook School","Wake",35.856111,-78.574167,7,2018,21,NA
"2018-07-21","Pitt Agri. Center","Pitt",35.6412760008938,-77.360126,7,2018,17,NA
"2018-07-25","Clemmons Middle","Forsyth",36.026,-80.342,7,2018,NA,38
"2018-07-25","Mendenhall School","Guilford",36.1090060008986,-79.802314,7,2018,26,NA
"2018-07-26","Bryson City","Swain",35.434767,-83.442133,7,2018,NA,40
"2018-07-26","Millbrook School","Wake",35.856111,-78.574167,7,2018,NA,46
"2018-07-27","Castle Hayne","New Hanover",34.364167,-77.838611,7,2018,NA,35
"2018-07-27","Pitt Agri. Center","Pitt",35.6412760008938,-77.360126,7,2018,NA,33
"2018-07-28","Linville Falls","Avery",35.972347,-81.933072,7,2018,34,NA
"2018-07-28","Millbrook School","Wake",35.856111,-78.574167,7,2018,48,NA
"2018-07-30","Clemmons Middle","Forsyth",36.026,-80.342,7,2018,26,NA
"2018-07-30","Garinger High School","Mecklenburg",35.2401000008895,-80.785683,7,2018,22,NA
"2018-07-30","West Johnston Co.","Johnston",35.59095,-78.4622,7,2018,NA,21
"2018-07-31","Durham Armory","Durham",36.0329550008979,-78.904037,7,2018,30,NA
"2018-07-31","Frying Pan Mountain","Haywood",35.379167,-82.7925,7,2018,23,46
"2018-07-31","Hattie Avenue","Forsyth",36.110693332,-80.2264378,7,2018,29,NA
"2018-07-31","Linville Falls","Avery",35.972347,-81.933072,7,2018,NA,32
"2018-07-31","Mendenhall School","Guilford",36.1090060008986,-79.802314,7,2018,NA,29
"2018-08-01","Leggett","Edgecombe",35.988278,-77.5843,8,2018,NA,21
"2018-08-01","West Johnston Co.","Johnston",35.59095,-78.4622,8,2018,27,NA
"2018-08-02","Bryson City","Swain",35.434767,-83.442133,8,2018,7,NA
"2018-08-03","Castle Hayne","New Hanover",34.364167,-77.838611,8,2018,0,NA
"2018-08-03","Durham Armory","Durham",36.0329550008979,-78.904037,8,2018,22,19
"2018-08-03","Garinger High School","Mecklenburg",35.2401000008895,-80.785683,8,2018,NA,22
"2018-08-03","Hattie Avenue","Forsyth",36.110693332,-80.2264378,8,2018,NA,24
"2018-08-03","Leggett","Edgecombe",35.988278,-77.5843,8,2018,10,NA
"2018-08-03","Pitt Agri. Center","Pitt",35.6412760008938,-77.360126,8,2018,11,NA
"2018-08-07","Clemmons Middle","Forsyth",36.026,-80.342,8,2018,NA,40
"2018-08-07","Mendenhall School","Guilford",36.1090060008986,-79.802314,8,2018,30,NA
"2018-08-08","Bryson City","Swain",35.434767,-83.442133,8,2018,NA,26
"2018-08-08","Millbrook School","Wake",35.856111,-78.574167,8,2018,NA,42
"2018-08-09","Castle Hayne","New Hanover",34.364167,-77.838611,8,2018,NA,36
"2018-08-09","Pitt Agri. Center","Pitt",35.6412760008938,-77.360126,8,2018,NA,43
"2018-08-10","Millbrook School","Wake",35.856111,-78.574167,8,2018,55,NA
"2018-08-12","Clemmons Middle","Forsyth",36.026,-80.342,8,2018,41,NA
"2018-08-12","Garinger High School","Mecklenburg",35.2401000008895,-80.785683,8,2018,24,NA
"2018-08-12","Millbrook School","Wake",35.856111,-78.574167,8,2018,36,NA
"2018-08-12","West Johnston Co.","Johnston",35.59095,-78.4622,8,2018,NA,31
"2018-08-13","Frying Pan Mountain","Haywood",35.379167,-82.7925,8,2018,NA,41
"2018-08-13","Hattie Avenue","Forsyth",36.110693332,-80.2264378,8,2018,38,NA
"2018-08-13","Linville Falls","Avery",35.972347,-81.933072,8,2018,NA,33
"2018-08-13","Mendenhall School","Guilford",36.1090060008986,-79.802314,8,2018,NA,48
"2018-08-14","Leggett","Edgecombe",35.988278,-77.5843,8,2018,NA,33
"2018-08-15","Bryson City","Swain",35.434767,-83.442133,8,2018,54,NA
"2018-08-16","Castle Hayne","New Hanover",34.364167,-77.838611,8,2018,27,NA
"2018-08-16","Durham Armory","Durham",36.0329550008979,-78.904037,8,2018,NA,50
"2018-08-16","Garinger High School","Mecklenburg",35.2401000008895,-80.785683,8,2018,NA,44
"2018-08-16","Hattie Avenue","Forsyth",36.110693332,-80.2264378,8,2018,NA,58
"2018-08-16","Pitt Agri. Center","Pitt",35.6412760008938,-77.360126,8,2018,57,NA
"2018-08-17","Durham Armory","Durham",36.0329550008979,-78.904037,8,2018,59,NA
"2018-08-18","Leggett","Edgecombe",35.988278,-77.5843,8,2018,33,NA
"2018-08-18","Millbrook School","Wake",35.856111,-78.574167,8,2018,27,NA
"2018-08-18","West Johnston Co.","Johnston",35.59095,-78.4622,8,2018,28,NA
"2018-08-20","Clemmons Middle","Forsyth",36.026,-80.342,8,2018,NA,39
"2018-08-20","Mendenhall School","Guilford",36.1090060008986,-79.802314,8,2018,15,NA
"2018-08-21","Bryson City","Swain",35.434767,-83.442133,8,2018,NA,31
"2018-08-21","Millbrook School","Wake",35.856111,-78.574167,8,2018,NA,29
"2018-08-22","Castle Hayne","New Hanover",34.364167,-77.838611,8,2018,NA,34
"2018-08-22","Pitt Agri. Center","Pitt",35.6412760008938,-77.360126,8,2018,NA,37
"2018-08-23","Millbrook School","Wake",35.856111,-78.574167,8,2018,56,NA
"2018-08-24","Hattie Avenue","Forsyth",36.110693332,-80.2264378,8,2018,23,NA
"2018-08-24","Pitt Agri. Center","Pitt",35.6412760008938,-77.360126,8,2018,31,NA
"2018-08-25","Clemmons Middle","Forsyth",36.026,-80.342,8,2018,43,NA
"2018-08-25","Garinger High School","Mecklenburg",35.2401000008895,-80.785683,8,2018,46,NA
"2018-08-25","Millbrook School","Wake",35.856111,-78.574167,8,2018,42,NA
"2018-08-25","West Johnston Co.","Johnston",35.59095,-78.4622,8,2018,NA,40
"2018-08-26","Frying Pan Mountain","Haywood",35.379167,-82.7925,8,2018,NA,43
"2018-08-26","Hattie Avenue","Forsyth",36.110693332,-80.2264378,8,2018,45,NA
"2018-08-26","Linville Falls","Avery",35.972347,-81.933072,8,2018,NA,36
"2018-08-26","Mendenhall School","Guilford",36.1090060008986,-79.802314,8,2018,NA,49
"2018-08-27","Garinger High School","Mecklenburg",35.2401000008895,-80.785683,8,2018,56,NA
"2018-08-27","Leggett","Edgecombe",35.988278,-77.5843,8,2018,NA,43
"2018-08-29","Castle Hayne","New Hanover",34.364167,-77.838611,8,2018,0,NA
"2018-08-29","Durham Armory","Durham",36.0329550008979,-78.904037,8,2018,NA,40
"2018-08-29","Garinger High School","Mecklenburg",35.2401000008895,-80.785683,8,2018,NA,74
"2018-08-29","Hattie Avenue","Forsyth",36.110693332,-80.2264378,8,2018,NA,50
"2018-08-30","Durham Armory","Durham",36.0329550008979,-78.904037,8,2018,50,NA
"2018-08-30","Pitt Agri. Center","Pitt",35.6412760008938,-77.360126,8,2018,34,NA
"2018-08-31","Leggett","Edgecombe",35.988278,-77.5843,8,2018,32,NA
"2018-08-31","West Johnston Co.","Johnston",35.59095,-78.4622,8,2018,35,NA
"2018-09-01","Bryson City","Swain",35.434767,-83.442133,9,2018,29,NA
"2018-09-02","Clemmons Middle","Forsyth",36.026,-80.342,9,2018,NA,31
"2018-09-02","Mendenhall School","Guilford",36.1090060008986,-79.802314,9,2018,32,NA
"2018-09-03","Bryson City","Swain",35.434767,-83.442133,9,2018,NA,25
"2018-09-03","Millbrook School","Wake",35.856111,-78.574167,9,2018,NA,30
"2018-09-04","Castle Hayne","New Hanover",34.364167,-77.838611,9,2018,NA,30
"2018-09-04","Pitt Agri. Center","Pitt",35.6412760008938,-77.360126,9,2018,NA,32
"2018-09-05","Linville Falls","Avery",35.972347,-81.933072,9,2018,29,NA
"2018-09-05","Millbrook School","Wake",35.856111,-78.574167,9,2018,42,NA
"2018-09-07","Clemmons Middle","Forsyth",36.026,-80.342,9,2018,46,NA
"2018-09-07","Garinger High School","Mecklenburg",35.2401000008895,-80.785683,9,2018,33,NA
"2018-09-07","Millbrook School","Wake",35.856111,-78.574167,9,2018,40,NA
"2018-09-07","West Johnston Co.","Johnston",35.59095,-78.4622,9,2018,NA,37
"2018-09-08","Durham Armory","Durham",36.0329550008979,-78.904037,9,2018,40,NA
"2018-09-08","Frying Pan Mountain","Haywood",35.379167,-82.7925,9,2018,NA,32
"2018-09-08","Hattie Avenue","Forsyth",36.110693332,-80.2264378,9,2018,40,NA
"2018-09-08","Linville Falls","Avery",35.972347,-81.933072,9,2018,NA,38
"2018-09-09","Leggett","Edgecombe",35.988278,-77.5843,9,2018,NA,22
"2018-09-09","Mendenhall School","Guilford",36.1090060008986,-79.802314,9,2018,NA,13
"2018-09-11","Frying Pan Mountain","Haywood",35.379167,-82.7925,9,2018,8,NA
"2018-09-11","Garinger High School","Mecklenburg",35.2401000008895,-80.785683,9,2018,NA,38
"2018-09-11","Hattie Avenue","Forsyth",36.110693332,-80.2264378,9,2018,24,38
"2018-09-14","Bryson City","Swain",35.434767,-83.442133,9,2018,14,NA
"2018-09-15","Clemmons Middle","Forsyth",36.026,-80.342,9,2018,NA,15
"2018-09-16","Bryson City","Swain",35.434767,-83.442133,9,2018,NA,12
"2018-09-18","Durham Armory","Durham",36.0329550008979,-78.904037,9,2018,NA,25
"2018-09-20","Clemmons Middle","Forsyth",36.026,-80.342,9,2018,56,NA
"2018-09-21","Hattie Avenue","Forsyth",36.110693332,-80.2264378,9,2018,45,NA
"2018-09-21","Linville Falls","Avery",35.972347,-81.933072,9,2018,NA,42
"2018-09-21","Millbrook School","Wake",35.856111,-78.574167,9,2018,NA,40
"2018-09-23","Durham Armory","Durham",36.0329550008979,-78.904037,9,2018,13,NA
"2018-09-23","Leggett","Edgecombe",35.988278,-77.5843,9,2018,37,NA
"2018-09-24","Hattie Avenue","Forsyth",36.110693332,-80.2264378,9,2018,NA,18
"2018-09-24","Mendenhall School","Guilford",36.1090060008986,-79.802314,9,2018,15,NA
"2018-09-24","Pitt Agri. Center","Pitt",35.6412760008938,-77.360126,9,2018,26,NA
"2018-09-24","West Johnston Co.","Johnston",35.59095,-78.4622,9,2018,28,NA
"2018-09-26","Millbrook School","Wake",35.856111,-78.574167,9,2018,28,NA
"2018-09-27","Bryson City","Swain",35.434767,-83.442133,9,2018,20,NA
"2018-09-27","Frying Pan Mountain","Haywood",35.379167,-82.7925,9,2018,NA,25
"2018-09-27","Millbrook School","Wake",35.856111,-78.574167,9,2018,27,NA
"2018-09-28","Clemmons Middle","Forsyth",36.026,-80.342,9,2018,NA,29
"2018-09-28","Garinger High School","Mecklenburg",35.2401000008895,-80.785683,9,2018,18,NA
"2018-09-28","Millbrook School","Wake",35.856111,-78.574167,9,2018,24,NA
"2018-09-29","Bryson City","Swain",35.434767,-83.442133,9,2018,NA,29
"2018-09-29","Mendenhall School","Guilford",36.1090060008986,-79.802314,9,2018,NA,35
"2018-09-29","Pitt Agri. Center","Pitt",35.6412760008938,-77.360126,9,2018,NA,40
"2018-09-30","Garinger High School","Mecklenburg",35.2401000008895,-80.785683,9,2018,NA,34
"2018-09-30","West Johnston Co.","Johnston",35.59095,-78.4622,9,2018,NA,42
"2018-10-01","Durham Armory","Durham",36.0329550008979,-78.904037,10,2018,NA,43
"2018-10-02","Hattie Avenue","Forsyth",36.110693332,-80.2264378,10,2018,38,NA
"2018-10-02","Leggett","Edgecombe",35.988278,-77.5843,10,2018,NA,41
"2018-10-03","Clemmons Middle","Forsyth",36.026,-80.342,10,2018,40,NA
"2018-10-04","Hattie Avenue","Forsyth",36.110693332,-80.2264378,10,2018,34,NA
"2018-10-04","Linville Falls","Avery",35.972347,-81.933072,10,2018,NA,35
"2018-10-04","Millbrook School","Wake",35.856111,-78.574167,10,2018,NA,47
"2018-10-05","Garinger High School","Mecklenburg",35.2401000008895,-80.785683,10,2018,51,NA
"2018-10-05","Pitt Agri. Center","Pitt",35.6412760008938,-77.360126,10,2018,49,NA
"2018-10-06","Durham Armory","Durham",36.0329550008979,-78.904037,10,2018,21,NA
"2018-10-06","Leggett","Edgecombe",35.988278,-77.5843,10,2018,35,NA
"2018-10-07","Castle Hayne","New Hanover",34.364167,-77.838611,10,2018,21,NA
"2018-10-07","Hattie Avenue","Forsyth",36.110693332,-80.2264378,10,2018,NA,44
"2018-10-07","Mendenhall School","Guilford",36.1090060008986,-79.802314,10,2018,37,NA
"2018-10-07","Pitt Agri. Center","Pitt",35.6412760008938,-77.360126,10,2018,19,NA
"2018-10-07","West Johnston Co.","Johnston",35.59095,-78.4622,10,2018,41,NA
"2018-10-10","Bryson City","Swain",35.434767,-83.442133,10,2018,17,NA
"2018-10-10","Frying Pan Mountain","Haywood",35.379167,-82.7925,10,2018,NA,20
"2018-10-10","Millbrook School","Wake",35.856111,-78.574167,10,2018,25,NA
"2018-10-11","Clemmons Middle","Forsyth",36.026,-80.342,10,2018,NA,26
"2018-10-11","Garinger High School","Mecklenburg",35.2401000008895,-80.785683,10,2018,6,NA
"2018-10-11","Millbrook School","Wake",35.856111,-78.574167,10,2018,23,NA
"2018-10-12","Bryson City","Swain",35.434767,-83.442133,10,2018,NA,34
"2018-10-13","Garinger High School","Mecklenburg",35.2401000008895,-80.785683,10,2018,NA,35
"2018-10-14","Durham Armory","Durham",36.0329550008979,-78.904037,10,2018,NA,19
"2018-10-14","Linville Falls","Avery",35.972347,-81.933072,10,2018,20,NA
"2018-10-15","Pitt Agri. Center","Pitt",35.6412760008938,-77.360126,10,2018,NA,37
"2018-10-15","West Johnston Co.","Johnston",35.59095,-78.4622,10,2018,NA,34
"2018-10-16","Clemmons Middle","Forsyth",36.026,-80.342,10,2018,34,NA
"2018-10-16","Leggett","Edgecombe",35.988278,-77.5843,10,2018,NA,19
"2018-10-17","Hattie Avenue","Forsyth",36.110693332,-80.2264378,10,2018,16,NA
"2018-10-17","Linville Falls","Avery",35.972347,-81.933072,10,2018,NA,36
"2018-10-17","Mendenhall School","Guilford",36.1090060008986,-79.802314,10,2018,NA,34
"2018-10-19","Castle Hayne","New Hanover",34.364167,-77.838611,10,2018,NA,43
"2018-10-19","Leggett","Edgecombe",35.988278,-77.5843,10,2018,22,NA
"2018-10-19","Millbrook School","Wake",35.856111,-78.574167,10,2018,NA,39
"2018-10-20","Durham Armory","Durham",36.0329550008979,-78.904037,10,2018,35,NA
"2018-10-20","Frying Pan Mountain","Haywood",35.379167,-82.7925,10,2018,7,NA
"2018-10-20","Hattie Avenue","Forsyth",36.110693332,-80.2264378,10,2018,NA,31
"2018-10-22","Durham Armory","Durham",36.0329550008979,-78.904037,10,2018,30,NA
"2018-10-23","Bryson City","Swain",35.434767,-83.442133,10,2018,36,NA
"2018-10-23","Mendenhall School","Guilford",36.1090060008986,-79.802314,10,2018,25,NA
"2018-10-23","Millbrook School","Wake",35.856111,-78.574167,10,2018,51,NA
"2018-10-23","Pitt Agri. Center","Pitt",35.6412760008938,-77.360126,10,2018,30,NA
"2018-10-23","West Johnston Co.","Johnston",35.59095,-78.4622,10,2018,29,NA
"2018-10-24","Clemmons Middle","Forsyth",36.026,-80.342,10,2018,NA,33
"2018-10-24","Frying Pan Mountain","Haywood",35.379167,-82.7925,10,2018,NA,46
"2018-10-24","Garinger High School","Mecklenburg",35.2401000008895,-80.785683,10,2018,32,NA
"2018-10-24","Millbrook School","Wake",35.856111,-78.574167,10,2018,30,NA
"2018-10-25","Bryson City","Swain",35.434767,-83.442133,10,2018,NA,31
"2018-10-26","Castle Hayne","New Hanover",34.364167,-77.838611,10,2018,1,NA
"2018-10-26","Garinger High School","Mecklenburg",35.2401000008895,-80.785683,10,2018,NA,24
"2018-10-27","Durham Armory","Durham",36.0329550008979,-78.904037,10,2018,NA,19
"2018-10-28","West Johnston Co.","Johnston",35.59095,-78.4622,10,2018,NA,33
"2018-10-29","Clemmons Middle","Forsyth",36.026,-80.342,10,2018,23,NA
"2018-10-29","Leggett","Edgecombe",35.988278,-77.5843,10,2018,NA,34
"2018-10-30","Hattie Avenue","Forsyth",36.110693332,-80.2264378,10,2018,21,NA
"2018-10-30","Pitt Agri. Center","Pitt",35.6412760008938,-77.360126,10,2018,NA,35
"2018-11-01","Leggett","Edgecombe",35.988278,-77.5843,11,2018,19,NA
"2018-11-01","Millbrook School","Wake",35.856111,-78.574167,11,2018,NA,31
"2018-11-04","Clemmons Middle","Forsyth",36.026,-80.342,11,2018,28,NA
"2018-11-04","Durham Armory","Durham",36.0329550008979,-78.904037,11,2018,39,NA
"2018-11-04","Millbrook School","Wake",35.856111,-78.574167,11,2018,24,NA
"2018-11-05","Bryson City","Swain",35.434767,-83.442133,11,2018,25,NA
"2018-11-05","Millbrook School","Wake",35.856111,-78.574167,11,2018,34,NA
"2018-11-05","Pitt Agri. Center","Pitt",35.6412760008938,-77.360126,11,2018,8,NA
"2018-11-05","West Johnston Co.","Johnston",35.59095,-78.4622,11,2018,24,NA
"2018-11-06","Garinger High School","Mecklenburg",35.2401000008895,-80.785683,11,2018,15,NA
"2018-11-06","Millbrook School","Wake",35.856111,-78.574167,11,2018,34,NA
"2018-11-07","Mendenhall School","Guilford",36.1090060008986,-79.802314,11,2018,18,NA
"2018-11-08","Garinger High School","Mecklenburg",35.2401000008895,-80.785683,11,2018,NA,32
"2018-11-09","Castle Hayne","New Hanover",34.364167,-77.838611,11,2018,18,NA
"2018-11-11","Clemmons Middle","Forsyth",36.026,-80.342,11,2018,43,NA
"2018-11-12","Hattie Avenue","Forsyth",36.110693332,-80.2264378,11,2018,39,NA
"2018-11-13","Pitt Agri. Center","Pitt",35.6412760008938,-77.360126,11,2018,13,NA
"2018-11-14","Leggett","Edgecombe",35.988278,-77.5843,11,2018,21,NA
"2018-11-14","Millbrook School","Wake",35.856111,-78.574167,11,2018,NA,22
"2018-11-16","Garinger High School","Mecklenburg",35.2401000008895,-80.785683,11,2018,22,NA
"2018-11-16","Hattie Avenue","Forsyth",36.110693332,-80.2264378,11,2018,16,NA
"2018-11-17","Durham Armory","Durham",36.0329550008979,-78.904037,11,2018,55,NA
"2018-11-18","Bryson City","Swain",35.434767,-83.442133,11,2018,52,NA
"2018-11-18","Millbrook School","Wake",35.856111,-78.574167,11,2018,70,NA
"2018-11-18","Pitt Agri. Center","Pitt",35.6412760008938,-77.360126,11,2018,38,NA
"2018-11-18","West Johnston Co.","Johnston",35.59095,-78.4622,11,2018,52,NA
"2018-11-19","Garinger High School","Mecklenburg",35.2401000008895,-80.785683,11,2018,55,NA
"2018-11-20","Mendenhall School","Guilford",36.1090060008986,-79.802314,11,2018,33,NA
"2018-11-21","Garinger High School","Mecklenburg",35.2401000008895,-80.785683,11,2018,NA,25
"2018-11-21","Millbrook School","Wake",35.856111,-78.574167,11,2018,35,NA
"2018-11-22","Castle Hayne","New Hanover",34.364167,-77.838611,11,2018,23,NA
"2018-11-22","Linville Falls","Avery",35.972347,-81.933072,11,2018,14,NA
"2018-11-24","Clemmons Middle","Forsyth",36.026,-80.342,11,2018,25,NA
"2018-11-25","Hattie Avenue","Forsyth",36.110693332,-80.2264378,11,2018,37,NA
"2018-11-27","Leggett","Edgecombe",35.988278,-77.5843,11,2018,2,NA
"2018-11-27","Millbrook School","Wake",35.856111,-78.574167,11,2018,NA,21
"2018-11-28","Durham Armory","Durham",36.0329550008979,-78.904037,11,2018,22,NA
"2018-11-28","Frying Pan Mountain","Haywood",35.379167,-82.7925,11,2018,8,NA
"2018-11-30","Durham Armory","Durham",36.0329550008979,-78.904037,11,2018,53,NA
"2018-12-01","Bryson City","Swain",35.434767,-83.442133,12,2018,35,NA
"2018-12-01","Millbrook School","Wake",35.856111,-78.574167,12,2018,63,NA
"2018-12-01","Pitt Agri. Center","Pitt",35.6412760008938,-77.360126,12,2018,50,NA
"2018-12-01","West Johnston Co.","Johnston",35.59095,-78.4622,12,2018,51,NA
"2018-12-02","Garinger High School","Mecklenburg",35.2401000008895,-80.785683,12,2018,21,NA
"2018-12-03","Mendenhall School","Guilford",36.1090060008986,-79.802314,12,2018,21,NA
"2018-12-04","Garinger High School","Mecklenburg",35.2401000008895,-80.785683,12,2018,NA,19
"2018-12-05","Castle Hayne","New Hanover",34.364167,-77.838611,12,2018,9,NA
"2018-12-07","Clemmons Middle","Forsyth",36.026,-80.342,12,2018,52,NA
"2018-12-08","Hattie Avenue","Forsyth",36.110693332,-80.2264378,12,2018,48,NA
"2018-12-10","Leggett","Edgecombe",35.988278,-77.5843,12,2018,30,NA
"2018-12-11","Millbrook School","Wake",35.856111,-78.574167,12,2018,NA,30
"2018-12-13","Durham Armory","Durham",36.0329550008979,-78.904037,12,2018,71,NA
"2018-12-13","Millbrook School","Wake",35.856111,-78.574167,12,2018,53,NA
"2018-12-14","Millbrook School","Wake",35.856111,-78.574167,12,2018,58,NA
"2018-12-14","Pitt Agri. Center","Pitt",35.6412760008938,-77.360126,12,2018,35,NA
"2018-12-14","West Johnston Co.","Johnston",35.59095,-78.4622,12,2018,38,NA
"2018-12-15","Millbrook School","Wake",35.856111,-78.574167,12,2018,30,NA
"2018-12-16","Bryson City","Swain",35.434767,-83.442133,12,2018,17,NA
"2018-12-16","Garinger High School","Mecklenburg",35.2401000008895,-80.785683,12,2018,17,NA
"2018-12-16","Mendenhall School","Guilford",36.1090060008986,-79.802314,12,2018,9,NA
"2018-12-18","Castle Hayne","New Hanover",34.364167,-77.838611,12,2018,21,NA
"2018-12-18","Garinger High School","Mecklenburg",35.2401000008895,-80.785683,12,2018,NA,29
"2018-12-20","Clemmons Middle","Forsyth",36.026,-80.342,12,2018,56,NA
"2018-12-21","Hattie Avenue","Forsyth",36.110693332,-80.2264378,12,2018,13,NA
"2018-12-23","Leggett","Edgecombe",35.988278,-77.5843,12,2018,13,NA
"2018-12-25","Garinger High School","Mecklenburg",35.2401000008895,-80.785683,12,2018,62,NA
"2018-12-25","Millbrook School","Wake",35.856111,-78.574167,12,2018,NA,30
"2018-12-25","Pitt Agri. Center","Pitt",35.6412760008938,-77.360126,12,2018,28,NA
"2018-12-26","Durham Armory","Durham",36.0329550008979,-78.904037,12,2018,58,NA
"2018-12-27","Millbrook School","Wake",35.856111,-78.574167,12,2018,57,NA
"2018-12-27","Pitt Agri. Center","Pitt",35.6412760008938,-77.360126,12,2018,27,NA
"2018-12-27","West Johnston Co.","Johnston",35.59095,-78.4622,12,2018,30,NA
"2018-12-28","Millbrook School","Wake",35.856111,-78.574167,12,2018,24,NA
"2018-12-29","Bryson City","Swain",35.434767,-83.442133,12,2018,23,NA
"2018-12-29","Garinger High School","Mecklenburg",35.2401000008895,-80.785683,12,2018,25,NA
"2018-12-29","Mendenhall School","Guilford",36.1090060008986,-79.802314,12,2018,24,NA
"2019-01-01","Clemmons Middle","Forsyth",36.026,-80.342,1,2019,24,NA
"2019-01-01","Mendenhall School","Guilford",36.1090060008986,-79.802314,1,2019,13,NA
"2019-01-02","Millbrook School","Wake",35.856111,-78.574167,1,2019,NA,25
"2019-01-03","Durham Armory","Durham",36.0329550008979,-78.904037,1,2019,41,NA
"2019-01-03","Garinger High School","Mecklenburg",35.2401000008895,-80.785683,1,2019,25,NA
"2019-01-03","Pitt Agri. Center","Pitt",35.6412760008938,-77.360126,1,2019,18,NA
"2019-01-04","Leggett","Edgecombe",35.988278,-77.5843,1,2019,16,NA
"2019-01-04","Millbrook School","Wake",35.856111,-78.574167,1,2019,44,NA
"2019-01-06","Castle Hayne","New Hanover",34.364167,-77.838611,1,2019,5,NA
"2019-01-06","West Johnston Co.","Johnston",35.59095,-78.4622,1,2019,28,NA
"2019-01-07","Hattie Avenue","Forsyth",36.110693332,-80.2264378,1,2019,24,NA
"2019-01-07","West Johnston Co.","Johnston",35.59095,-78.4622,1,2019,NA,30
"2019-01-10","Millbrook School","Wake",35.856111,-78.574167,1,2019,23,NA
"2019-01-11","Garinger High School","Mecklenburg",35.2401000008895,-80.785683,1,2019,31,NA
"2019-01-12","Bryson City","Swain",35.434767,-83.442133,1,2019,47,NA
"2019-01-12","Linville Falls","Avery",35.972347,-81.933072,1,2019,26,NA
"2019-01-13","Frying Pan Mountain","Haywood",35.379167,-82.7925,1,2019,NA,36
"2019-01-13","Garinger High School","Mecklenburg",35.2401000008895,-80.785683,1,2019,NA,23
"2019-01-13","Pitt Agri. Center","Pitt",35.6412760008938,-77.360126,1,2019,8,NA
"2019-01-14","Clemmons Middle","Forsyth",36.026,-80.342,1,2019,34,NA
"2019-01-14","Mendenhall School","Guilford",36.1090060008986,-79.802314,1,2019,21,NA
"2019-01-15","Durham Armory","Durham",36.0329550008979,-78.904037,1,2019,43,NA
"2019-01-15","Millbrook School","Wake",35.856111,-78.574167,1,2019,NA,22
"2019-01-16","Durham Armory","Durham",36.0329550008979,-78.904037,1,2019,54,NA
"2019-01-16","Garinger High School","Mecklenburg",35.2401000008895,-80.785683,1,2019,38,NA
"2019-01-17","Leggett","Edgecombe",35.988278,-77.5843,1,2019,21,NA
"2019-01-17","Millbrook School","Wake",35.856111,-78.574167,1,2019,48,NA
"2019-01-18","Millbrook School","Wake",35.856111,-78.574167,1,2019,31,NA
"2019-01-19","Castle Hayne","New Hanover",34.364167,-77.838611,1,2019,19,NA
"2019-01-19","West Johnston Co.","Johnston",35.59095,-78.4622,1,2019,39,NA
"2019-01-20","Hattie Avenue","Forsyth",36.110693332,-80.2264378,1,2019,16,NA
"2019-01-20","West Johnston Co.","Johnston",35.59095,-78.4622,1,2019,NA,35
"2019-01-21","Hattie Avenue","Forsyth",36.110693332,-80.2264378,1,2019,10,NA
"2019-01-23","Millbrook School","Wake",35.856111,-78.574167,1,2019,29,NA
"2019-01-24","Garinger High School","Mecklenburg",35.2401000008895,-80.785683,1,2019,5,NA
"2019-01-25","Bryson City","Swain",35.434767,-83.442133,1,2019,30,NA
"2019-01-26","Pitt Agri. Center","Pitt",35.6412760008938,-77.360126,1,2019,35,NA
"2019-01-27","Clemmons Middle","Forsyth",36.026,-80.342,1,2019,58,NA
"2019-01-27","Frying Pan Mountain","Haywood",35.379167,-82.7925,1,2019,NA,43
"2019-01-27","Garinger High School","Mecklenburg",35.2401000008895,-80.785683,1,2019,NA,31
"2019-01-27","Mendenhall School","Guilford",36.1090060008986,-79.802314,1,2019,50,NA
"2019-01-28","Millbrook School","Wake",35.856111,-78.574167,1,2019,NA,33
"2019-01-29","Durham Armory","Durham",36.0329550008979,-78.904037,1,2019,50,NA
"2019-01-29","Garinger High School","Mecklenburg",35.2401000008895,-80.785683,1,2019,32,NA
"2019-01-30","Leggett","Edgecombe",35.988278,-77.5843,1,2019,8,35
"2019-01-30","Millbrook School","Wake",35.856111,-78.574167,1,2019,40,NA
"2019-02-01","Castle Hayne","New Hanover",34.364167,-77.838611,2,2019,13,NA
"2019-02-01","West Johnston Co.","Johnston",35.59095,-78.4622,2,2019,48,NA
"2019-02-02","Hattie Avenue","Forsyth",36.110693332,-80.2264378,2,2019,55,NA
"2019-02-03","West Johnston Co.","Johnston",35.59095,-78.4622,2,2019,NA,38
"2019-02-05","Garinger High School","Mecklenburg",35.2401000008895,-80.785683,2,2019,39,NA
"2019-02-05","Millbrook School","Wake",35.856111,-78.574167,2,2019,54,NA
"2019-02-06","Garinger High School","Mecklenburg",35.2401000008895,-80.785683,2,2019,43,NA
"2019-02-07","Bryson City","Swain",35.434767,-83.442133,2,2019,33,NA
"2019-02-08","Frying Pan Mountain","Haywood",35.379167,-82.7925,2,2019,7,NA
"2019-02-09","Clemmons Middle","Forsyth",36.026,-80.342,2,2019,5,NA
"2019-02-09","Frying Pan Mountain","Haywood",35.379167,-82.7925,2,2019,NA,46
"2019-02-09","Garinger High School","Mecklenburg",35.2401000008895,-80.785683,2,2019,NA,37
"2019-02-09","Mendenhall School","Guilford",36.1090060008986,-79.802314,2,2019,20,NA
"2019-02-09","Pitt Agri. Center","Pitt",35.6412760008938,-77.360126,2,2019,10,NA
"2019-02-10","Millbrook School","Wake",35.856111,-78.574167,2,2019,NA,34
"2019-02-11","Durham Armory","Durham",36.0329550008979,-78.904037,2,2019,50,24
"2019-02-11","Garinger High School","Mecklenburg",35.2401000008895,-80.785683,2,2019,37,NA
"2019-02-12","Leggett","Edgecombe",35.988278,-77.5843,2,2019,4,25
"2019-02-12","Millbrook School","Wake",35.856111,-78.574167,2,2019,33,NA
"2019-02-12","Pitt Agri. Center","Pitt",35.6412760008938,-77.360126,2,2019,13,NA
"2019-02-14","Castle Hayne","New Hanover",34.364167,-77.838611,2,2019,7,NA
"2019-02-14","West Johnston Co.","Johnston",35.59095,-78.4622,2,2019,14,NA
"2019-02-15","Hattie Avenue","Forsyth",36.110693332,-80.2264378,2,2019,48,NA
"2019-02-18","Millbrook School","Wake",35.856111,-78.574167,2,2019,18,NA
"2019-02-19","Garinger High School","Mecklenburg",35.2401000008895,-80.785683,2,2019,25,NA
"2019-02-20","Bryson City","Swain",35.434767,-83.442133,2,2019,13,NA
"2019-02-20","Castle Hayne","New Hanover",34.364167,-77.838611,2,2019,NA,35
"2019-02-20","Linville Falls","Avery",35.972347,-81.933072,2,2019,3,NA
"2019-02-22","Bryson City","Swain",35.434767,-83.442133,2,2019,NA,31
"2019-02-22","Clemmons Middle","Forsyth",36.026,-80.342,2,2019,28,NA
"2019-02-22","Garinger High School","Mecklenburg",35.2401000008895,-80.785683,2,2019,NA,31
"2019-02-22","Mendenhall School","Guilford",36.1090060008986,-79.802314,2,2019,12,NA
"2019-02-22","Pitt Agri. Center","Pitt",35.6412760008938,-77.360126,2,2019,17,NA
"2019-02-23","Durham Armory","Durham",36.0329550008979,-78.904037,2,2019,9,NA
"2019-02-23","Millbrook School","Wake",35.856111,-78.574167,2,2019,NA,31
"2019-02-24","Durham Armory","Durham",36.0329550008979,-78.904037,2,2019,27,NA
"2019-02-24","Garinger High School","Mecklenburg",35.2401000008895,-80.785683,2,2019,9,NA
"2019-02-25","Durham Armory","Durham",36.0329550008979,-78.904037,2,2019,NA,42
"2019-02-25","Leggett","Edgecombe",35.988278,-77.5843,2,2019,0,NA
"2019-02-25","Linville Falls","Avery",35.972347,-81.933072,2,2019,NA,42
"2019-02-25","Millbrook School","Wake",35.856111,-78.574167,2,2019,24,NA
"2019-02-26","Leggett","Edgecombe",35.988278,-77.5843,2,2019,NA,45
"2019-02-26","Millbrook School","Wake",35.856111,-78.574167,2,2019,27,NA
"2019-02-27","Castle Hayne","New Hanover",34.364167,-77.838611,2,2019,5,NA
"2019-02-27","West Johnston Co.","Johnston",35.59095,-78.4622,2,2019,35,NA
"2019-02-28","Hattie Avenue","Forsyth",36.110693332,-80.2264378,2,2019,45,NA
"2019-03-01","Frying Pan Mountain","Haywood",35.379167,-82.7925,3,2019,NA,39
"2019-03-01","Hattie Avenue","Forsyth",36.110693332,-80.2264378,3,2019,15,NA
"2019-03-03","Hattie Avenue","Forsyth",36.110693332,-80.2264378,3,2019,NA,21
"2019-03-03","Millbrook School","Wake",35.856111,-78.574167,3,2019,38,NA
"2019-03-04","Garinger High School","Mecklenburg",35.2401000008895,-80.785683,3,2019,22,NA
"2019-03-05","Bryson City","Swain",35.434767,-83.442133,3,2019,25,NA
"2019-03-05","West Johnston Co.","Johnston",35.59095,-78.4622,3,2019,NA,35
"2019-03-06","Castle Hayne","New Hanover",34.364167,-77.838611,3,2019,NA,40
"2019-03-06","Mendenhall School","Guilford",36.1090060008986,-79.802314,3,2019,NA,42
"2019-03-07","Clemmons Middle","Forsyth",36.026,-80.342,3,2019,41,40
"2019-03-07","Garinger High School","Mecklenburg",35.2401000008895,-80.785683,3,2019,NA,40
"2019-03-07","Pitt Agri. Center","Pitt",35.6412760008938,-77.360126,3,2019,28,NA
"2019-03-08","Bryson City","Swain",35.434767,-83.442133,3,2019,NA,31
"2019-03-08","Millbrook School","Wake",35.856111,-78.574167,3,2019,NA,35
"2019-03-09","Durham Armory","Durham",36.0329550008979,-78.904037,3,2019,57,NA
"2019-03-09","Garinger High School","Mecklenburg",35.2401000008895,-80.785683,3,2019,54,NA
"2019-03-09","Mendenhall School","Guilford",36.1090060008986,-79.802314,3,2019,44,NA
"2019-03-09","Pitt Agri. Center","Pitt",35.6412760008938,-77.360126,3,2019,NA,41
"2019-03-10","Durham Armory","Durham",36.0329550008979,-78.904037,3,2019,NA,32
"2019-03-10","Linville Falls","Avery",35.972347,-81.933072,3,2019,NA,45
"2019-03-11","Leggett","Edgecombe",35.988278,-77.5843,3,2019,NA,42
"2019-03-11","Millbrook School","Wake",35.856111,-78.574167,3,2019,34,NA
"2019-03-12","Castle Hayne","New Hanover",34.364167,-77.838611,3,2019,31,NA
"2019-03-12","West Johnston Co.","Johnston",35.59095,-78.4622,3,2019,22,NA
"2019-03-13","Hattie Avenue","Forsyth",36.110693332,-80.2264378,3,2019,29,NA
"2019-03-14","Frying Pan Mountain","Haywood",35.379167,-82.7925,3,2019,NA,41
"2019-03-16","Garinger High School","Mecklenburg",35.2401000008895,-80.785683,3,2019,21,NA
"2019-03-16","Hattie Avenue","Forsyth",36.110693332,-80.2264378,3,2019,NA,43
"2019-03-16","Leggett","Edgecombe",35.988278,-77.5843,3,2019,11,NA
"2019-03-16","Millbrook School","Wake",35.856111,-78.574167,3,2019,27,NA
"2019-03-17","Garinger High School","Mecklenburg",35.2401000008895,-80.785683,3,2019,20,NA
"2019-03-18","Bryson City","Swain",35.434767,-83.442133,3,2019,33,NA
"2019-03-18","West Johnston Co.","Johnston",35.59095,-78.4622,3,2019,NA,48
"2019-03-19","Castle Hayne","New Hanover",34.364167,-77.838611,3,2019,NA,45
"2019-03-19","Mendenhall School","Guilford",36.1090060008986,-79.802314,3,2019,NA,48
"2019-03-20","Clemmons Middle","Forsyth",36.026,-80.342,3,2019,45,50
"2019-03-20","Garinger High School","Mecklenburg",35.2401000008895,-80.785683,3,2019,NA,49
"2019-03-20","Pitt Agri. Center","Pitt",35.6412760008938,-77.360126,3,2019,25,NA
"2019-03-21","Bryson City","Swain",35.434767,-83.442133,3,2019,NA,47
"2019-03-21","Millbrook School","Wake",35.856111,-78.574167,3,2019,NA,45
"2019-03-22","Garinger High School","Mecklenburg",35.2401000008895,-80.785683,3,2019,18,NA
"2019-03-22","Mendenhall School","Guilford",36.1090060008986,-79.802314,3,2019,13,NA
"2019-03-22","Pitt Agri. Center","Pitt",35.6412760008938,-77.360126,3,2019,19,45
"2019-03-23","Durham Armory","Durham",36.0329550008979,-78.904037,3,2019,NA,47
"2019-03-23","Linville Falls","Avery",35.972347,-81.933072,3,2019,NA,54
"2019-03-24","Leggett","Edgecombe",35.988278,-77.5843,3,2019,NA,54
"2019-03-24","Millbrook School","Wake",35.856111,-78.574167,3,2019,54,NA
"2019-03-26","Hattie Avenue","Forsyth",36.110693332,-80.2264378,3,2019,39,NA
"2019-03-27","Durham Armory","Durham",36.0329550008979,-78.904037,3,2019,17,NA
"2019-03-27","Frying Pan Mountain","Haywood",35.379167,-82.7925,3,2019,NA,49
"2019-03-27","West Johnston Co.","Johnston",35.59095,-78.4622,3,2019,13,NA
"2019-03-29","Hattie Avenue","Forsyth",36.110693332,-80.2264378,3,2019,NA,80
"2019-03-29","Leggett","Edgecombe",35.988278,-77.5843,3,2019,33,NA
"2019-03-29","Millbrook School","Wake",35.856111,-78.574167,3,2019,52,NA
"2019-03-31","West Johnston Co.","Johnston",35.59095,-78.4622,3,2019,NA,41
"2019-04-01","Castle Hayne","New Hanover",34.364167,-77.838611,4,2019,NA,42
"2019-04-01","Garinger High School","Mecklenburg",35.2401000008895,-80.785683,4,2019,19,NA
"2019-04-01","Mendenhall School","Guilford",36.1090060008986,-79.802314,4,2019,NA,45
"2019-04-02","Clemmons Middle","Forsyth",36.026,-80.342,4,2019,42,NA
"2019-04-02","Garinger High School","Mecklenburg",35.2401000008895,-80.785683,4,2019,NA,40
"2019-04-02","Pitt Agri. Center","Pitt",35.6412760008938,-77.360126,4,2019,22,NA
"2019-04-03","Bryson City","Swain",35.434767,-83.442133,4,2019,NA,49
"2019-04-03","Castle Hayne","New Hanover",34.364167,-77.838611,4,2019,20,NA
"2019-04-03","Clemmons Middle","Forsyth",36.026,-80.342,4,2019,NA,54
"2019-04-03","Millbrook School","Wake",35.856111,-78.574167,4,2019,NA,54
"2019-04-04","Garinger High School","Mecklenburg",35.2401000008895,-80.785683,4,2019,35,NA
"2019-04-04","Mendenhall School","Guilford",36.1090060008986,-79.802314,4,2019,32,NA
"2019-04-05","Bryson City","Swain",35.434767,-83.442133,4,2019,25,NA
"2019-04-05","Durham Armory","Durham",36.0329550008979,-78.904037,4,2019,NA,38
"2019-04-05","Linville Falls","Avery",35.972347,-81.933072,4,2019,NA,44
"2019-04-06","Leggett","Edgecombe",35.988278,-77.5843,4,2019,NA,32
"2019-04-06","Millbrook School","Wake",35.856111,-78.574167,4,2019,39,NA
"2019-04-06","Pitt Agri. Center","Pitt",35.6412760008938,-77.360126,4,2019,NA,34
"2019-04-09","Durham Armory","Durham",36.0329550008979,-78.904037,4,2019,21,NA
"2019-04-09","Frying Pan Mountain","Haywood",35.379167,-82.7925,4,2019,NA,47
"2019-04-09","Hattie Avenue","Forsyth",36.110693332,-80.2264378,4,2019,20,NA
"2019-04-09","West Johnston Co.","Johnston",35.59095,-78.4622,4,2019,26,NA
"2019-04-11","Hattie Avenue","Forsyth",36.110693332,-80.2264378,4,2019,NA,51
"2019-04-11","Leggett","Edgecombe",35.988278,-77.5843,4,2019,22,NA
"2019-04-11","Millbrook School","Wake",35.856111,-78.574167,4,2019,30,NA
"2019-04-12","Durham Armory","Durham",36.0329550008979,-78.904037,4,2019,18,NA
"2019-04-13","West Johnston Co.","Johnston",35.59095,-78.4622,4,2019,NA,27
"2019-04-14","Castle Hayne","New Hanover",34.364167,-77.838611,4,2019,NA,29
"2019-04-14","Garinger High School","Mecklenburg",35.2401000008895,-80.785683,4,2019,25,NA
"2019-04-14","Mendenhall School","Guilford",36.1090060008986,-79.802314,4,2019,NA,34
"2019-04-15","Clemmons Middle","Forsyth",36.026,-80.342,4,2019,11.5,NA
"2019-04-15","Garinger High School","Mecklenburg",35.2401000008895,-80.785683,4,2019,NA,47
"2019-04-15","Hattie Avenue","Forsyth",36.110693332,-80.2264378,4,2019,1,NA
"2019-04-15","Pitt Agri. Center","Pitt",35.6412760008938,-77.360126,4,2019,14,NA
"2019-04-16","Bryson City","Swain",35.434767,-83.442133,4,2019,NA,47
"2019-04-16","Castle Hayne","New Hanover",34.364167,-77.838611,4,2019,2,NA
"2019-04-16","Clemmons Middle","Forsyth",36.026,-80.342,4,2019,NA,54
"2019-04-16","Millbrook School","Wake",35.856111,-78.574167,4,2019,NA,51
"2019-04-17","Garinger High School","Mecklenburg",35.2401000008895,-80.785683,4,2019,43,NA
"2019-04-17","Mendenhall School","Guilford",36.1090060008986,-79.802314,4,2019,36,NA
"2019-04-18","Bryson City","Swain",35.434767,-83.442133,4,2019,40,NA
"2019-04-18","Durham Armory","Durham",36.0329550008979,-78.904037,4,2019,NA,47
"2019-04-18","Millbrook School","Wake",35.856111,-78.574167,4,2019,38,NA
"2019-04-19","Leggett","Edgecombe",35.988278,-77.5843,4,2019,NA,36
"2019-04-19","Linville Falls","Avery",35.972347,-81.933072,4,2019,NA,41
"2019-04-19","Millbrook School","Wake",35.856111,-78.574167,4,2019,32,NA
"2019-04-19","Pitt Agri. Center","Pitt",35.6412760008938,-77.360126,4,2019,NA,37
"2019-04-22","Durham Armory","Durham",36.0329550008979,-78.904037,4,2019,15,NA
"2019-04-22","Frying Pan Mountain","Haywood",35.379167,-82.7925,4,2019,NA,49
"2019-04-22","Hattie Avenue","Forsyth",36.110693332,-80.2264378,4,2019,16,NA
"2019-04-22","West Johnston Co.","Johnston",35.59095,-78.4622,4,2019,17,NA
"2019-04-24","Hattie Avenue","Forsyth",36.110693332,-80.2264378,4,2019,NA,58
"2019-04-24","Leggett","Edgecombe",35.988278,-77.5843,4,2019,41,NA
"2019-04-24","Millbrook School","Wake",35.856111,-78.574167,4,2019,43,NA
"2019-04-26","West Johnston Co.","Johnston",35.59095,-78.4622,4,2019,NA,44
"2019-04-27","Castle Hayne","New Hanover",34.364167,-77.838611,4,2019,NA,64
"2019-04-27","Garinger High School","Mecklenburg",35.2401000008895,-80.785683,4,2019,30,NA
"2019-04-27","Mendenhall School","Guilford",36.1090060008986,-79.802314,4,2019,NA,58
"2019-04-28","Clemmons Middle","Forsyth",36.026,-80.342,4,2019,52,NA
"2019-04-28","Garinger High School","Mecklenburg",35.2401000008895,-80.785683,4,2019,NA,48
"2019-04-28","Pitt Agri. Center","Pitt",35.6412760008938,-77.360126,4,2019,45,NA
"2019-04-29","Bryson City","Swain",35.434767,-83.442133,4,2019,NA,49
"2019-04-29","Castle Hayne","New Hanover",34.364167,-77.838611,4,2019,31,NA
"2019-04-29","Clemmons Middle","Forsyth",36.026,-80.342,4,2019,NA,35
"2019-04-29","Millbrook School","Wake",35.856111,-78.574167,4,2019,NA,37
"2019-04-30","Garinger High School","Mecklenburg",35.2401000008895,-80.785683,4,2019,52,NA
"2019-04-30","Mendenhall School","Guilford",36.1090060008986,-79.802314,4,2019,51,NA
"2019-05-01","Bryson City","Swain",35.434767,-83.442133,5,2019,40,NA
"2019-05-01","Durham Armory","Durham",36.0329550008979,-78.904037,5,2019,NA,40
"2019-05-02","Leggett","Edgecombe",35.988278,-77.5843,5,2019,NA,44
"2019-05-02","Linville Falls","Avery",35.972347,-81.933072,5,2019,NA,36
"2019-05-02","Millbrook School","Wake",35.856111,-78.574167,5,2019,43,NA
"2019-05-02","Pitt Agri. Center","Pitt",35.6412760008938,-77.360126,5,2019,NA,44
"2019-05-05","Durham Armory","Durham",36.0329550008979,-78.904037,5,2019,10,NA
"2019-05-05","Frying Pan Mountain","Haywood",35.379167,-82.7925,5,2019,NA,41
"2019-05-05","Hattie Avenue","Forsyth",36.110693332,-80.2264378,5,2019,18,NA
"2019-05-05","West Johnston Co.","Johnston",35.59095,-78.4622,5,2019,18,NA
"2019-05-06","Garinger High School","Mecklenburg",35.2401000008895,-80.785683,5,2019,19,NA
"2019-05-07","Hattie Avenue","Forsyth",36.110693332,-80.2264378,5,2019,NA,45
"2019-05-07","Leggett","Edgecombe",35.988278,-77.5843,5,2019,16,NA
"2019-05-07","Millbrook School","Wake",35.856111,-78.574167,5,2019,30,NA
"2019-05-09","West Johnston Co.","Johnston",35.59095,-78.4622,5,2019,NA,44
"2019-05-10","Castle Hayne","New Hanover",34.364167,-77.838611,5,2019,NA,40
"2019-05-10","Garinger High School","Mecklenburg",35.2401000008895,-80.785683,5,2019,20,NA
"2019-05-10","Mendenhall School","Guilford",36.1090060008986,-79.802314,5,2019,NA,38
"2019-05-11","Clemmons Middle","Forsyth",36.026,-80.342,5,2019,28,NA
"2019-05-11","Garinger High School","Mecklenburg",35.2401000008895,-80.785683,5,2019,NA,32
"2019-05-12","Castle Hayne","New Hanover",34.364167,-77.838611,5,2019,0,NA
"2019-05-12","Clemmons Middle","Forsyth",36.026,-80.342,5,2019,NA,30
"2019-05-12","Millbrook School","Wake",35.856111,-78.574167,5,2019,NA,34
"2019-05-13","Bryson City","Swain",35.434767,-83.442133,5,2019,NA,38
"2019-05-13","Garinger High School","Mecklenburg",35.2401000008895,-80.785683,5,2019,15,NA
"2019-05-13","Mendenhall School","Guilford",36.1090060008986,-79.802314,5,2019,10,NA
"2019-05-14","Durham Armory","Durham",36.0329550008979,-78.904037,5,2019,NA,39
"2019-05-15","Bryson City","Swain",35.434767,-83.442133,5,2019,25,NA
"2019-05-15","Leggett","Edgecombe",35.988278,-77.5843,5,2019,NA,43
"2019-05-15","Linville Falls","Avery",35.972347,-81.933072,5,2019,NA,43
"2019-05-15","Millbrook School","Wake",35.856111,-78.574167,5,2019,42,NA
"2019-05-15","Pitt Agri. Center","Pitt",35.6412760008938,-77.360126,5,2019,NA,44
"2019-05-18","Durham Armory","Durham",36.0329550008979,-78.904037,5,2019,48,NA
"2019-05-18","Frying Pan Mountain","Haywood",35.379167,-82.7925,5,2019,NA,54
"2019-05-18","Hattie Avenue","Forsyth",36.110693332,-80.2264378,5,2019,47,NA
"2019-05-18","West Johnston Co.","Johnston",35.59095,-78.4622,5,2019,57,NA
"2019-05-19","Pitt Agri. Center","Pitt",35.6412760008938,-77.360126,5,2019,51,NA
"2019-05-20","Hattie Avenue","Forsyth",36.110693332,-80.2264378,5,2019,NA,45
"2019-05-20","Leggett","Edgecombe",35.988278,-77.5843,5,2019,42,NA
"2019-05-21","Pitt Agri. Center","Pitt",35.6412760008938,-77.360126,5,2019,31,NA
"2019-05-22","Millbrook School","Wake",35.856111,-78.574167,5,2019,33,NA
"2019-05-22","West Johnston Co.","Johnston",35.59095,-78.4622,5,2019,NA,49
"2019-05-23","Castle Hayne","New Hanover",34.364167,-77.838611,5,2019,NA,45
"2019-05-23","Garinger High School","Mecklenburg",35.2401000008895,-80.785683,5,2019,43,NA
"2019-05-23","Mendenhall School","Guilford",36.1090060008986,-79.802314,5,2019,NA,45
"2019-05-24","Clemmons Middle","Forsyth",36.026,-80.342,5,2019,52,NA
"2019-05-24","Garinger High School","Mecklenburg",35.2401000008895,-80.785683,5,2019,NA,48
"2019-05-24","Hattie Avenue","Forsyth",36.110693332,-80.2264378,5,2019,49,NA
"2019-05-25","Castle Hayne","New Hanover",34.364167,-77.838611,5,2019,15,NA
"2019-05-25","Clemmons Middle","Forsyth",36.026,-80.342,5,2019,NA,43
"2019-05-25","Millbrook School","Wake",35.856111,-78.574167,5,2019,NA,74
"2019-05-26","Bryson City","Swain",35.434767,-83.442133,5,2019,NA,43
"2019-05-26","Garinger High School","Mecklenburg",35.2401000008895,-80.785683,5,2019,54,NA
"2019-05-27","Durham Armory","Durham",36.0329550008979,-78.904037,5,2019,NA,45
"2019-05-28","Leggett","Edgecombe",35.988278,-77.5843,5,2019,NA,50
"2019-05-28","Linville Falls","Avery",35.972347,-81.933072,5,2019,NA,37
"2019-05-28","Pitt Agri. Center","Pitt",35.6412760008938,-77.360126,5,2019,NA,61
"2019-05-30","Millbrook School","Wake",35.856111,-78.574167,5,2019,55,NA
"2019-05-31","Durham Armory","Durham",36.0329550008979,-78.904037,5,2019,48,NA
"2019-05-31","Frying Pan Mountain","Haywood",35.379167,-82.7925,5,2019,NA,50
"2019-05-31","Mendenhall School","Guilford",36.1090060008986,-79.802314,5,2019,35,NA
"2019-06-01","Bryson City","Swain",35.434767,-83.442133,6,2019,45,NA
"2019-06-01","Pitt Agri. Center","Pitt",35.6412760008938,-77.360126,6,2019,25,NA
"2019-06-01","West Johnston Co.","Johnston",35.59095,-78.4622,6,2019,35,NA
"2019-06-03","Hattie Avenue","Forsyth",36.110693332,-80.2264378,6,2019,NA,46
"2019-06-04","Millbrook School","Wake",35.856111,-78.574167,6,2019,42,NA
"2019-06-04","West Johnston Co.","Johnston",35.59095,-78.4622,6,2019,NA,58
"2019-06-05","Castle Hayne","New Hanover",34.364167,-77.838611,6,2019,NA,45
"2019-06-05","Hattie Avenue","Forsyth",36.110693332,-80.2264378,6,2019,54,NA
"2019-06-05","Mendenhall School","Guilford",36.1090060008986,-79.802314,6,2019,NA,46
"2019-06-06","Clemmons Middle","Forsyth",36.026,-80.342,6,2019,59,NA
"2019-06-07","Clemmons Middle","Forsyth",36.026,-80.342,6,2019,NA,24
"2019-06-07","Garinger High School","Mecklenburg",35.2401000008895,-80.785683,6,2019,NA,20
"2019-06-07","Leggett","Edgecombe",35.988278,-77.5843,6,2019,54,NA
"2019-06-07","Millbrook School","Wake",35.856111,-78.574167,6,2019,NA,31
"2019-06-08","Bryson City","Swain",35.434767,-83.442133,6,2019,NA,29
"2019-06-08","Castle Hayne","New Hanover",34.364167,-77.838611,6,2019,0,NA
"2019-06-09","Durham Armory","Durham",36.0329550008979,-78.904037,6,2019,NA,20
"2019-06-10","Leggett","Edgecombe",35.988278,-77.5843,6,2019,NA,28
"2019-06-10","Linville Falls","Avery",35.972347,-81.933072,6,2019,NA,28
"2019-06-10","Pitt Agri. Center","Pitt",35.6412760008938,-77.360126,6,2019,NA,28
"2019-06-12","Millbrook School","Wake",35.856111,-78.574167,6,2019,25,NA
"2019-06-13","Durham Armory","Durham",36.0329550008979,-78.904037,6,2019,16,NA
"2019-06-13","Frying Pan Mountain","Haywood",35.379167,-82.7925,6,2019,NA,45
"2019-06-13","Mendenhall School","Guilford",36.1090060008986,-79.802314,6,2019,11,NA
"2019-06-14","Bryson City","Swain",35.434767,-83.442133,6,2019,27,NA
"2019-06-14","Durham Armory","Durham",36.0329550008979,-78.904037,6,2019,15,NA
"2019-06-14","Garinger High School","Mecklenburg",35.2401000008895,-80.785683,6,2019,22.5,NA
"2019-06-14","Millbrook School","Wake",35.856111,-78.574167,6,2019,18,NA
"2019-06-14","Pitt Agri. Center","Pitt",35.6412760008938,-77.360126,6,2019,15,NA
"2019-06-14","West Johnston Co.","Johnston",35.59095,-78.4622,6,2019,18,NA
"2019-06-16","Garinger High School","Mecklenburg",35.2401000008895,-80.785683,6,2019,45,NA
"2019-06-16","Hattie Avenue","Forsyth",36.110693332,-80.2264378,6,2019,NA,44
"2019-06-17","Millbrook School","Wake",35.856111,-78.574167,6,2019,52,NA
"2019-06-17","West Johnston Co.","Johnston",35.59095,-78.4622,6,2019,NA,33
"2019-06-18","Castle Hayne","New Hanover",34.364167,-77.838611,6,2019,NA,26
"2019-06-18","Hattie Avenue","Forsyth",36.110693332,-80.2264378,6,2019,18,NA
"2019-06-18","Mendenhall School","Guilford",36.1090060008986,-79.802314,6,2019,NA,33
"2019-06-19","Clemmons Middle","Forsyth",36.026,-80.342,6,2019,24,NA
"2019-06-20","Clemmons Middle","Forsyth",36.026,-80.342,6,2019,NA,46
"2019-06-20","Garinger High School","Mecklenburg",35.2401000008895,-80.785683,6,2019,NA,42
"2019-06-20","Leggett","Edgecombe",35.988278,-77.5843,6,2019,39,NA
"2019-06-20","Millbrook School","Wake",35.856111,-78.574167,6,2019,NA,44
"2019-06-21","Bryson City","Swain",35.434767,-83.442133,6,2019,NA,39
"2019-06-21","Castle Hayne","New Hanover",34.364167,-77.838611,6,2019,10,NA
"2019-06-22","Durham Armory","Durham",36.0329550008979,-78.904037,6,2019,NA,40
"2019-06-23","Leggett","Edgecombe",35.988278,-77.5843,6,2019,NA,42
"2019-06-23","Pitt Agri. Center","Pitt",35.6412760008938,-77.360126,6,2019,NA,41
"2019-06-25","Linville Falls","Avery",35.972347,-81.933072,6,2019,NA,42
"2019-06-25","Millbrook School","Wake",35.856111,-78.574167,6,2019,30,NA
"2019-06-26","Durham Armory","Durham",36.0329550008979,-78.904037,6,2019,30,NA
"2019-06-26","Frying Pan Mountain","Haywood",35.379167,-82.7925,6,2019,NA,47
"2019-06-26","Mendenhall School","Guilford",36.1090060008986,-79.802314,6,2019,27,NA
"2019-06-27","Garinger High School","Mecklenburg",35.2401000008895,-80.785683,6,2019,43,NA
"2019-06-27","Pitt Agri. Center","Pitt",35.6412760008938,-77.360126,6,2019,54,NA
"2019-06-27","West Johnston Co.","Johnston",35.59095,-78.4622,6,2019,52,NA
"2019-06-29","Garinger High School","Mecklenburg",35.2401000008895,-80.785683,6,2019,50,NA
"2019-06-29","Hattie Avenue","Forsyth",36.110693332,-80.2264378,6,2019,NA,58
"2019-06-29","Pitt Agri. Center","Pitt",35.6412760008938,-77.360126,6,2019,42,NA
"2019-06-30","Millbrook School","Wake",35.856111,-78.574167,6,2019,55,NA
"2019-06-30","West Johnston Co.","Johnston",35.59095,-78.4622,6,2019,NA,49
"2019-07-01","Castle Hayne","New Hanover",34.364167,-77.838611,7,2019,NA,54
"2019-07-01","Hattie Avenue","Forsyth",36.110693332,-80.2264378,7,2019,43,NA
"2019-07-01","Mendenhall School","Guilford",36.1090060008986,-79.802314,7,2019,NA,49
"2019-07-02","Bryson City","Swain",35.434767,-83.442133,7,2019,32,NA
"2019-07-02","Clemmons Middle","Forsyth",36.026,-80.342,7,2019,40,NA
"2019-07-03","Clemmons Middle","Forsyth",36.026,-80.342,7,2019,NA,47
"2019-07-03","Garinger High School","Mecklenburg",35.2401000008895,-80.785683,7,2019,NA,90
"2019-07-03","Leggett","Edgecombe",35.988278,-77.5843,7,2019,47,NA
"2019-07-03","Millbrook School","Wake",35.856111,-78.574167,7,2019,NA,67
"2019-07-04","Bryson City","Swain",35.434767,-83.442133,7,2019,NA,33
"2019-07-05","Durham Armory","Durham",36.0329550008979,-78.904037,7,2019,NA,46
"2019-07-06","Leggett","Edgecombe",35.988278,-77.5843,7,2019,NA,44
"2019-07-06","Pitt Agri. Center","Pitt",35.6412760008938,-77.360126,7,2019,NA,47
"2019-07-08","Hattie Avenue","Forsyth",36.110693332,-80.2264378,7,2019,33,NA
"2019-07-08","Linville Falls","Avery",35.972347,-81.933072,7,2019,NA,32
"2019-07-08","Millbrook School","Wake",35.856111,-78.574167,7,2019,47,NA
"2019-07-09","Castle Hayne","New Hanover",34.364167,-77.838611,7,2019,15,NA
"2019-07-09","Frying Pan Mountain","Haywood",35.379167,-82.7925,7,2019,NA,35
"2019-07-10","Garinger High School","Mecklenburg",35.2401000008895,-80.785683,7,2019,30,NA
"2019-07-10","Pitt Agri. Center","Pitt",35.6412760008938,-77.360126,7,2019,28,NA
"2019-07-10","West Johnston Co.","Johnston",35.59095,-78.4622,7,2019,30,NA
"2019-07-11","Mendenhall School","Guilford",36.1090060008986,-79.802314,7,2019,31,NA
"2019-07-12","Garinger High School","Mecklenburg",35.2401000008895,-80.785683,7,2019,24,NA
"2019-07-12","Hattie Avenue","Forsyth",36.110693332,-80.2264378,7,2019,NA,41
"2019-07-13","Millbrook School","Wake",35.856111,-78.574167,7,2019,41,NA
"2019-07-13","West Johnston Co.","Johnston",35.59095,-78.4622,7,2019,NA,46
"2019-07-14","Castle Hayne","New Hanover",34.364167,-77.838611,7,2019,NA,43
"2019-07-14","Clemmons Middle","Forsyth",36.026,-80.342,7,2019,35,NA
"2019-07-14","Durham Armory","Durham",36.0329550008979,-78.904037,7,2019,36,NA
"2019-07-14","Hattie Avenue","Forsyth",36.110693332,-80.2264378,7,2019,33,NA
"2019-07-14","Mendenhall School","Guilford",36.1090060008986,-79.802314,7,2019,NA,45
"2019-07-15","Bryson City","Swain",35.434767,-83.442133,7,2019,25,NA
"2019-07-15","Clemmons Middle","Forsyth",36.026,-80.342,7,2019,51,NA
"2019-07-16","Clemmons Middle","Forsyth",36.026,-80.342,7,2019,NA,58
"2019-07-16","Garinger High School","Mecklenburg",35.2401000008895,-80.785683,7,2019,NA,50
"2019-07-16","Leggett","Edgecombe",35.988278,-77.5843,7,2019,60,NA
"2019-07-16","Millbrook School","Wake",35.856111,-78.574167,7,2019,NA,58
"2019-07-17","Bryson City","Swain",35.434767,-83.442133,7,2019,NA,18
"2019-07-18","Durham Armory","Durham",36.0329550008979,-78.904037,7,2019,NA,43
"2019-07-19","Leggett","Edgecombe",35.988278,-77.5843,7,2019,NA,46
"2019-07-19","Pitt Agri. Center","Pitt",35.6412760008938,-77.360126,7,2019,NA,44
"2019-07-21","Linville Falls","Avery",35.972347,-81.933072,7,2019,NA,31
"2019-07-22","Castle Hayne","New Hanover",34.364167,-77.838611,7,2019,18,NA
"2019-07-22","Frying Pan Mountain","Haywood",35.379167,-82.7925,7,2019,NA,31
"2019-07-23","Durham Armory","Durham",36.0329550008979,-78.904037,7,2019,18,NA
"2019-07-23","Garinger High School","Mecklenburg",35.2401000008895,-80.785683,7,2019,26,NA
"2019-07-23","Millbrook School","Wake",35.856111,-78.574167,7,2019,25,NA
"2019-07-23","Pitt Agri. Center","Pitt",35.6412760008938,-77.360126,7,2019,20,NA
"2019-07-23","West Johnston Co.","Johnston",35.59095,-78.4622,7,2019,19,NA
"2019-07-24","Mendenhall School","Guilford",36.1090060008986,-79.802314,7,2019,27,NA
"2019-07-25","Garinger High School","Mecklenburg",35.2401000008895,-80.785683,7,2019,40,NA
"2019-07-25","Hattie Avenue","Forsyth",36.110693332,-80.2264378,7,2019,NA,44
"2019-07-26","Millbrook School","Wake",35.856111,-78.574167,7,2019,54,NA
"2019-07-26","West Johnston Co.","Johnston",35.59095,-78.4622,7,2019,NA,44
"2019-07-27","Castle Hayne","New Hanover",34.364167,-77.838611,7,2019,NA,42
"2019-07-27","Durham Armory","Durham",36.0329550008979,-78.904037,7,2019,47,NA
"2019-07-27","Hattie Avenue","Forsyth",36.110693332,-80.2264378,7,2019,53,NA
"2019-07-27","Mendenhall School","Guilford",36.1090060008986,-79.802314,7,2019,NA,64
"2019-07-28","Bryson City","Swain",35.434767,-83.442133,7,2019,47,NA
"2019-07-28","Clemmons Middle","Forsyth",36.026,-80.342,7,2019,55,NA
"2019-07-29","Clemmons Middle","Forsyth",36.026,-80.342,7,2019,NA,77
"2019-07-29","Garinger High School","Mecklenburg",35.2401000008895,-80.785683,7,2019,NA,80
"2019-07-29","Leggett","Edgecombe",35.988278,-77.5843,7,2019,49,NA
"2019-07-29","Millbrook School","Wake",35.856111,-78.574167,7,2019,NA,71
"2019-07-30","Bryson City","Swain",35.434767,-83.442133,7,2019,NA,34
"2019-07-31","Durham Armory","Durham",36.0329550008979,-78.904037,7,2019,NA,47
"2019-08-01","Leggett","Edgecombe",35.988278,-77.5843,8,2019,NA,45
"2019-08-01","Pitt Agri. Center","Pitt",35.6412760008938,-77.360126,8,2019,NA,43
"2019-08-03","Linville Falls","Avery",35.972347,-81.933072,8,2019,NA,28
"2019-08-04","Frying Pan Mountain","Haywood",35.379167,-82.7925,8,2019,NA,47
"2019-08-05","Millbrook School","Wake",35.856111,-78.574167,8,2019,31,NA
"2019-08-05","Pitt Agri. Center","Pitt",35.6412760008938,-77.360126,8,2019,17,NA
"2019-08-05","West Johnston Co.","Johnston",35.59095,-78.4622,8,2019,29,NA
"2019-08-06","Mendenhall School","Guilford",36.1090060008986,-79.802314,8,2019,44,NA
"2019-08-07","Garinger High School","Mecklenburg",35.2401000008895,-80.785683,8,2019,42,NA
"2019-08-08","Castle Hayne","New Hanover",34.364167,-77.838611,8,2019,36,NA
"2019-08-08","Hattie Avenue","Forsyth",36.110693332,-80.2264378,8,2019,NA,46
"2019-08-08","Millbrook School","Wake",35.856111,-78.574167,8,2019,37,NA
"2019-08-08","West Johnston Co.","Johnston",35.59095,-78.4622,8,2019,NA,47
"2019-08-09","Durham Armory","Durham",36.0329550008979,-78.904037,8,2019,35,NA
"2019-08-09","Hattie Avenue","Forsyth",36.110693332,-80.2264378,8,2019,38,NA
"2019-08-09","Mendenhall School","Guilford",36.1090060008986,-79.802314,8,2019,NA,47
"2019-08-10","Clemmons Middle","Forsyth",36.026,-80.342,8,2019,44,NA
"2019-08-11","Clemmons Middle","Forsyth",36.026,-80.342,8,2019,NA,48
"2019-08-11","Garinger High School","Mecklenburg",35.2401000008895,-80.785683,8,2019,NA,42
"2019-08-11","Leggett","Edgecombe",35.988278,-77.5843,8,2019,37,NA
"2019-08-11","Millbrook School","Wake",35.856111,-78.574167,8,2019,NA,45
"2019-08-12","Bryson City","Swain",35.434767,-83.442133,8,2019,NA,36
"2019-08-12","Castle Hayne","New Hanover",34.364167,-77.838611,8,2019,NA,39
"2019-08-13","Durham Armory","Durham",36.0329550008979,-78.904037,8,2019,NA,39
"2019-08-14","Leggett","Edgecombe",35.988278,-77.5843,8,2019,NA,42
"2019-08-14","Pitt Agri. Center","Pitt",35.6412760008938,-77.360126,8,2019,NA,44
"2019-08-17","Bryson City","Swain",35.434767,-83.442133,8,2019,34,NA
"2019-08-17","Frying Pan Mountain","Haywood",35.379167,-82.7925,8,2019,NA,44
"2019-08-17","Linville Falls","Avery",35.972347,-81.933072,8,2019,NA,37
"2019-08-18","Millbrook School","Wake",35.856111,-78.574167,8,2019,30,NA
"2019-08-18","West Johnston Co.","Johnston",35.59095,-78.4622,8,2019,24,NA
"2019-08-19","Mendenhall School","Guilford",36.1090060008986,-79.802314,8,2019,33,NA
"2019-08-20","Garinger High School","Mecklenburg",35.2401000008895,-80.785683,8,2019,27,NA
"2019-08-21","Hattie Avenue","Forsyth",36.110693332,-80.2264378,8,2019,NA,43
"2019-08-21","Millbrook School","Wake",35.856111,-78.574167,8,2019,32,NA
"2019-08-21","West Johnston Co.","Johnston",35.59095,-78.4622,8,2019,NA,37
"2019-08-22","Durham Armory","Durham",36.0329550008979,-78.904037,8,2019,25,NA
"2019-08-22","Hattie Avenue","Forsyth",36.110693332,-80.2264378,8,2019,35,NA
"2019-08-22","Mendenhall School","Guilford",36.1090060008986,-79.802314,8,2019,NA,45
"2019-08-23","Castle Hayne","New Hanover",34.364167,-77.838611,8,2019,0,NA
"2019-08-23","Clemmons Middle","Forsyth",36.026,-80.342,8,2019,25,NA
"2019-08-24","Clemmons Middle","Forsyth",36.026,-80.342,8,2019,NA,23
"2019-08-24","Garinger High School","Mecklenburg",35.2401000008895,-80.785683,8,2019,NA,26
"2019-08-24","Leggett","Edgecombe",35.988278,-77.5843,8,2019,23,NA
"2019-08-24","Millbrook School","Wake",35.856111,-78.574167,8,2019,NA,23
"2019-08-25","Bryson City","Swain",35.434767,-83.442133,8,2019,NA,23
"2019-08-26","Castle Hayne","New Hanover",34.364167,-77.838611,8,2019,NA,30
"2019-08-26","Durham Armory","Durham",36.0329550008979,-78.904037,8,2019,NA,24
"2019-08-27","Leggett","Edgecombe",35.988278,-77.5843,8,2019,NA,25
"2019-08-27","Pitt Agri. Center","Pitt",35.6412760008938,-77.360126,8,2019,NA,27
"2019-08-30","Bryson City","Swain",35.434767,-83.442133,8,2019,23,NA
"2019-08-30","Frying Pan Mountain","Haywood",35.379167,-82.7925,8,2019,NA,64
"2019-08-30","Linville Falls","Avery",35.972347,-81.933072,8,2019,NA,38
"2019-08-31","Durham Armory","Durham",36.0329550008979,-78.904037,8,2019,35,NA
"2019-08-31","Garinger High School","Mecklenburg",35.2401000008895,-80.785683,8,2019,48,NA
"2019-08-31","Millbrook School","Wake",35.856111,-78.574167,8,2019,43,NA
"2019-08-31","Pitt Agri. Center","Pitt",35.6412760008938,-77.360126,8,2019,46,NA
"2019-08-31","West Johnston Co.","Johnston",35.59095,-78.4622,8,2019,42,NA
"2019-09-01","Mendenhall School","Guilford",36.1090060008986,-79.802314,9,2019,28,NA
"2019-09-02","Garinger High School","Mecklenburg",35.2401000008895,-80.785683,9,2019,25,NA
"2019-09-03","Hattie Avenue","Forsyth",36.110693332,-80.2264378,9,2019,NA,51
"2019-09-03","Millbrook School","Wake",35.856111,-78.574167,9,2019,33,NA
"2019-09-03","West Johnston Co.","Johnston",35.59095,-78.4622,9,2019,NA,34
"2019-09-04","Durham Armory","Durham",36.0329550008979,-78.904037,9,2019,29,NA
"2019-09-04","Hattie Avenue","Forsyth",36.110693332,-80.2264378,9,2019,44,NA
"2019-09-04","Mendenhall School","Guilford",36.1090060008986,-79.802314,9,2019,NA,47
"2019-09-05","Clemmons Middle","Forsyth",36.026,-80.342,9,2019,35,NA
"2019-09-06","Clemmons Middle","Forsyth",36.026,-80.342,9,2019,NA,42
"2019-09-06","Garinger High School","Mecklenburg",35.2401000008895,-80.785683,9,2019,NA,54
"2019-09-07","Bryson City","Swain",35.434767,-83.442133,9,2019,NA,43
"2019-09-07","Millbrook School","Wake",35.856111,-78.574167,9,2019,NA,54
"2019-09-09","Durham Armory","Durham",36.0329550008979,-78.904037,9,2019,NA,32
"2019-09-10","Leggett","Edgecombe",35.988278,-77.5843,9,2019,29,NA
"2019-09-11","Leggett","Edgecombe",35.988278,-77.5843,9,2019,NA,35
"2019-09-12","Frying Pan Mountain","Haywood",35.379167,-82.7925,9,2019,NA,58
"2019-09-12","Hattie Avenue","Forsyth",36.110693332,-80.2264378,9,2019,56,NA
"2019-09-12","Linville Falls","Avery",35.972347,-81.933072,9,2019,NA,37
"2019-09-13","Castle Hayne","New Hanover",34.364167,-77.838611,9,2019,7,NA
"2019-09-14","Mendenhall School","Guilford",36.1090060008986,-79.802314,9,2019,26,NA
"2019-09-15","Bryson City","Swain",35.434767,-83.442133,9,2019,41,NA
"2019-09-15","Castle Hayne","New Hanover",34.364167,-77.838611,9,2019,NA,27
"2019-09-15","Garinger High School","Mecklenburg",35.2401000008895,-80.785683,9,2019,38,NA
"2019-09-15","Millbrook School","Wake",35.856111,-78.574167,9,2019,36,NA
"2019-09-15","Pitt Agri. Center","Pitt",35.6412760008938,-77.360126,9,2019,NA,28
"2019-09-16","Hattie Avenue","Forsyth",36.110693332,-80.2264378,9,2019,NA,51
"2019-09-16","West Johnston Co.","Johnston",35.59095,-78.4622,9,2019,33,NA
"2019-09-17","Hattie Avenue","Forsyth",36.110693332,-80.2264378,9,2019,44,NA
"2019-09-18","Clemmons Middle","Forsyth",36.026,-80.342,9,2019,30,NA
"2019-09-18","Millbrook School","Wake",35.856111,-78.574167,9,2019,17,NA
"2019-09-18","West Johnston Co.","Johnston",35.59095,-78.4622,9,2019,NA,40
"2019-09-19","Clemmons Middle","Forsyth",36.026,-80.342,9,2019,NA,44
"2019-09-19","Durham Armory","Durham",36.0329550008979,-78.904037,9,2019,10,NA
"2019-09-19","Garinger High School","Mecklenburg",35.2401000008895,-80.785683,9,2019,NA,44
"2019-09-20","Bryson City","Swain",35.434767,-83.442133,9,2019,NA,37
"2019-09-20","Mendenhall School","Guilford",36.1090060008986,-79.802314,9,2019,NA,61
"2019-09-20","Millbrook School","Wake",35.856111,-78.574167,9,2019,NA,44
"2019-09-21","Pitt Agri. Center","Pitt",35.6412760008938,-77.360126,9,2019,39,NA
"2019-09-22","Durham Armory","Durham",36.0329550008979,-78.904037,9,2019,NA,47
"2019-09-23","Leggett","Edgecombe",35.988278,-77.5843,9,2019,35,NA
"2019-09-24","Leggett","Edgecombe",35.988278,-77.5843,9,2019,NA,39
"2019-09-25","Frying Pan Mountain","Haywood",35.379167,-82.7925,9,2019,NA,51
"2019-09-25","Linville Falls","Avery",35.972347,-81.933072,9,2019,NA,45
"2019-09-26","Castle Hayne","New Hanover",34.364167,-77.838611,9,2019,13,NA
"2019-09-27","Mendenhall School","Guilford",36.1090060008986,-79.802314,9,2019,41,NA
"2019-09-28","Bryson City","Swain",35.434767,-83.442133,9,2019,36,NA
"2019-09-28","Castle Hayne","New Hanover",34.364167,-77.838611,9,2019,NA,39
"2019-09-28","Garinger High School","Mecklenburg",35.2401000008895,-80.785683,9,2019,38,NA
"2019-09-28","Millbrook School","Wake",35.856111,-78.574167,9,2019,37,NA
"2019-09-28","Pitt Agri. Center","Pitt",35.6412760008938,-77.360126,9,2019,NA,43
"2019-09-29","Hattie Avenue","Forsyth",36.110693332,-80.2264378,9,2019,NA,46
"2019-09-29","West Johnston Co.","Johnston",35.59095,-78.4622,9,2019,54,NA
"2019-09-30","Hattie Avenue","Forsyth",36.110693332,-80.2264378,9,2019,60,NA
"2019-10-01","Clemmons Middle","Forsyth",36.026,-80.342,10,2019,64,NA
"2019-10-01","Millbrook School","Wake",35.856111,-78.574167,10,2019,38,NA
"2019-10-01","West Johnston Co.","Johnston",35.59095,-78.4622,10,2019,NA,42
"2019-10-02","Clemmons Middle","Forsyth",36.026,-80.342,10,2019,NA,43
"2019-10-02","Durham Armory","Durham",36.0329550008979,-78.904037,10,2019,53,NA
"2019-10-02","Garinger High School","Mecklenburg",35.2401000008895,-80.785683,10,2019,NA,77
"2019-10-03","Bryson City","Swain",35.434767,-83.442133,10,2019,NA,39
"2019-10-03","Mendenhall School","Guilford",36.1090060008986,-79.802314,10,2019,NA,71
"2019-10-03","Millbrook School","Wake",35.856111,-78.574167,10,2019,NA,90
"2019-10-04","Pitt Agri. Center","Pitt",35.6412760008938,-77.360126,10,2019,58,NA
"2019-10-05","Durham Armory","Durham",36.0329550008979,-78.904037,10,2019,NA,29
"2019-10-06","Leggett","Edgecombe",35.988278,-77.5843,10,2019,18,NA
"2019-10-07","Leggett","Edgecombe",35.988278,-77.5843,10,2019,NA,31
"2019-10-08","Linville Falls","Avery",35.972347,-81.933072,10,2019,NA,24
"2019-10-09","Castle Hayne","New Hanover",34.364167,-77.838611,10,2019,9,NA
"2019-10-09","Frying Pan Mountain","Haywood",35.379167,-82.7925,10,2019,NA,31
"2019-10-10","Mendenhall School","Guilford",36.1090060008986,-79.802314,10,2019,14,NA
"2019-10-11","Bryson City","Swain",35.434767,-83.442133,10,2019,23,NA
"2019-10-11","Castle Hayne","New Hanover",34.364167,-77.838611,10,2019,NA,43
"2019-10-11","Garinger High School","Mecklenburg",35.2401000008895,-80.785683,10,2019,32,NA
"2019-10-11","Millbrook School","Wake",35.856111,-78.574167,10,2019,16,NA
"2019-10-12","Hattie Avenue","Forsyth",36.110693332,-80.2264378,10,2019,NA,45
"2019-10-12","Pitt Agri. Center","Pitt",35.6412760008938,-77.360126,10,2019,NA,49
"2019-10-12","West Johnston Co.","Johnston",35.59095,-78.4622,10,2019,38,NA
"2019-10-13","Hattie Avenue","Forsyth",36.110693332,-80.2264378,10,2019,21,NA
"2019-10-14","Clemmons Middle","Forsyth",36.026,-80.342,10,2019,36,NA
"2019-10-14","Millbrook School","Wake",35.856111,-78.574167,10,2019,25,NA
"2019-10-14","West Johnston Co.","Johnston",35.59095,-78.4622,10,2019,NA,42
"2019-10-15","Clemmons Middle","Forsyth",36.026,-80.342,10,2019,NA,42
"2019-10-15","Durham Armory","Durham",36.0329550008979,-78.904037,10,2019,31,NA
"2019-10-15","Garinger High School","Mecklenburg",35.2401000008895,-80.785683,10,2019,NA,45
"2019-10-16","Bryson City","Swain",35.434767,-83.442133,10,2019,NA,34
"2019-10-16","Mendenhall School","Guilford",36.1090060008986,-79.802314,10,2019,NA,35
"2019-10-16","Millbrook School","Wake",35.856111,-78.574167,10,2019,NA,31
"2019-10-18","Durham Armory","Durham",36.0329550008979,-78.904037,10,2019,NA,35
"2019-10-19","Leggett","Edgecombe",35.988278,-77.5843,10,2019,20,NA
"2019-10-19","Pitt Agri. Center","Pitt",35.6412760008938,-77.360126,10,2019,32,NA
"2019-10-20","Leggett","Edgecombe",35.988278,-77.5843,10,2019,NA,30
"2019-10-21","Linville Falls","Avery",35.972347,-81.933072,10,2019,NA,28
"2019-10-22","Castle Hayne","New Hanover",34.364167,-77.838611,10,2019,12,NA
"2019-10-22","Frying Pan Mountain","Haywood",35.379167,-82.7925,10,2019,NA,40
"2019-10-23","Mendenhall School","Guilford",36.1090060008986,-79.802314,10,2019,12,NA
"2019-10-24","Castle Hayne","New Hanover",34.364167,-77.838611,10,2019,NA,41
"2019-10-24","Garinger High School","Mecklenburg",35.2401000008895,-80.785683,10,2019,35,NA
"2019-10-24","Millbrook School","Wake",35.856111,-78.574167,10,2019,29,NA
"2019-10-25","Hattie Avenue","Forsyth",36.110693332,-80.2264378,10,2019,NA,34
"2019-10-25","Pitt Agri. Center","Pitt",35.6412760008938,-77.360126,10,2019,NA,39
"2019-10-25","West Johnston Co.","Johnston",35.59095,-78.4622,10,2019,29,NA
"2019-10-26","Hattie Avenue","Forsyth",36.110693332,-80.2264378,10,2019,30,NA
"2019-10-27","Clemmons Middle","Forsyth",36.026,-80.342,10,2019,18,NA
"2019-10-27","Millbrook School","Wake",35.856111,-78.574167,10,2019,21,NA
"2019-10-27","West Johnston Co.","Johnston",35.59095,-78.4622,10,2019,NA,21
"2019-10-28","Clemmons Middle","Forsyth",36.026,-80.342,10,2019,NA,42
"2019-10-28","Garinger High School","Mecklenburg",35.2401000008895,-80.785683,10,2019,NA,36
"2019-10-29","Bryson City","Swain",35.434767,-83.442133,10,2019,20,NA
"2019-10-29","Mendenhall School","Guilford",36.1090060008986,-79.802314,10,2019,NA,25
"2019-10-29","Millbrook School","Wake",35.856111,-78.574167,10,2019,NA,27
"2019-10-30","Bryson City","Swain",35.434767,-83.442133,10,2019,NA,17
"2019-10-30","Durham Armory","Durham",36.0329550008979,-78.904037,10,2019,23,NA
"2019-10-31","Durham Armory","Durham",36.0329550008979,-78.904037,10,2019,NA,24
"2019-11-01","Leggett","Edgecombe",35.988278,-77.5843,11,2019,9,NA
"2019-11-01","Pitt Agri. Center","Pitt",35.6412760008938,-77.360126,11,2019,9,NA
"2019-11-04","Castle Hayne","New Hanover",34.364167,-77.838611,11,2019,18,NA
"2019-11-05","Mendenhall School","Guilford",36.1090060008986,-79.802314,11,2019,36,NA
"2019-11-06","Garinger High School","Mecklenburg",35.2401000008895,-80.785683,11,2019,40,NA
"2019-11-06","Millbrook School","Wake",35.856111,-78.574167,11,2019,43,NA
"2019-11-07","West Johnston Co.","Johnston",35.59095,-78.4622,11,2019,37,NA
"2019-11-08","Hattie Avenue","Forsyth",36.110693332,-80.2264378,11,2019,20,NA
"2019-11-09","Clemmons Middle","Forsyth",36.026,-80.342,11,2019,44,NA
"2019-11-10","Garinger High School","Mecklenburg",35.2401000008895,-80.785683,11,2019,NA,34
"2019-11-11","Bryson City","Swain",35.434767,-83.442133,11,2019,26,NA
"2019-11-11","Millbrook School","Wake",35.856111,-78.574167,11,2019,NA,35
"2019-11-12","Durham Armory","Durham",36.0329550008979,-78.904037,11,2019,24,NA
"2019-11-14","Leggett","Edgecombe",35.988278,-77.5843,11,2019,26,NA
"2019-11-14","Pitt Agri. Center","Pitt",35.6412760008938,-77.360126,11,2019,26,NA
"2019-11-17","Castle Hayne","New Hanover",34.364167,-77.838611,11,2019,15,NA
"2019-11-18","Mendenhall School","Guilford",36.1090060008986,-79.802314,11,2019,15,NA
"2019-11-19","Garinger High School","Mecklenburg",35.2401000008895,-80.785683,11,2019,56,NA
"2019-11-19","Millbrook School","Wake",35.856111,-78.574167,11,2019,37,NA
"2019-11-20","West Johnston Co.","Johnston",35.59095,-78.4622,11,2019,45,NA
"2019-11-21","Hattie Avenue","Forsyth",36.110693332,-80.2264378,11,2019,48,NA
"2019-11-22","Clemmons Middle","Forsyth",36.026,-80.342,11,2019,68,NA
"2019-11-23","Garinger High School","Mecklenburg",35.2401000008895,-80.785683,11,2019,NA,15
"2019-11-24","Bryson City","Swain",35.434767,-83.442133,11,2019,7,NA
"2019-11-24","Millbrook School","Wake",35.856111,-78.574167,11,2019,NA,36
"2019-11-25","Durham Armory","Durham",36.0329550008979,-78.904037,11,2019,25,NA
"2019-11-27","Leggett","Edgecombe",35.988278,-77.5843,11,2019,52,NA
"2019-11-27","Pitt Agri. Center","Pitt",35.6412760008938,-77.360126,11,2019,37,NA
"2019-12-01","Mendenhall School","Guilford",36.1090060008986,-79.802314,12,2019,19,NA
"2019-12-02","Garinger High School","Mecklenburg",35.2401000008895,-80.785683,12,2019,9,NA
"2019-12-02","Millbrook School","Wake",35.856111,-78.574167,12,2019,13,NA
"2019-12-04","Castle Hayne","New Hanover",34.364167,-77.838611,12,2019,28,NA
"2019-12-04","Hattie Avenue","Forsyth",36.110693332,-80.2264378,12,2019,21,NA
"2019-12-04","West Johnston Co.","Johnston",35.59095,-78.4622,12,2019,28,NA
"2019-12-05","Clemmons Middle","Forsyth",36.026,-80.342,12,2019,14,NA
"2019-12-06","Garinger High School","Mecklenburg",35.2401000008895,-80.785683,12,2019,NA,20
"2019-12-07","Bryson City","Swain",35.434767,-83.442133,12,2019,43,NA
"2019-12-08","Durham Armory","Durham",36.0329550008979,-78.904037,12,2019,32,NA
"2019-12-09","Millbrook School","Wake",35.856111,-78.574167,12,2019,NA,19
"2019-12-10","Leggett","Edgecombe",35.988278,-77.5843,12,2019,25,NA
"2019-12-12","Pitt Agri. Center","Pitt",35.6412760008938,-77.360126,12,2019,23,NA
"2019-12-14","Mendenhall School","Guilford",36.1090060008986,-79.802314,12,2019,3,NA
"2019-12-15","Garinger High School","Mecklenburg",35.2401000008895,-80.785683,12,2019,35,NA
"2019-12-15","Millbrook School","Wake",35.856111,-78.574167,12,2019,30,NA
"2019-12-17","Castle Hayne","New Hanover",34.364167,-77.838611,12,2019,6,NA
"2019-12-17","Hattie Avenue","Forsyth",36.110693332,-80.2264378,12,2019,15,NA
"2019-12-17","West Johnston Co.","Johnston",35.59095,-78.4622,12,2019,37,NA
"2019-12-18","Clemmons Middle","Forsyth",36.026,-80.342,12,2019,16,NA
"2019-12-19","Garinger High School","Mecklenburg",35.2401000008895,-80.785683,12,2019,NA,28
"2019-12-20","Bryson City","Swain",35.434767,-83.442133,12,2019,43,NA
"2019-12-21","Durham Armory","Durham",36.0329550008979,-78.904037,12,2019,52,NA
"2019-12-22","Millbrook School","Wake",35.856111,-78.574167,12,2019,NA,19
"2019-12-23","Leggett","Edgecombe",35.988278,-77.5843,12,2019,45,NA
"2019-12-27","Mendenhall School","Guilford",36.1090060008986,-79.802314,12,2019,49,NA
"2019-12-28","Millbrook School","Wake",35.856111,-78.574167,12,2019,54,NA
"2019-12-29","Garinger High School","Mecklenburg",35.2401000008895,-80.785683,12,2019,19,NA
"2019-12-29","Pitt Agri. Center","Pitt",35.6412760008938,-77.360126,12,2019,29,NA
"2019-12-30","Castle Hayne","New Hanover",34.364167,-77.838611,12,2019,16,NA
"2019-12-30","Hattie Avenue","Forsyth",36.110693332,-80.2264378,12,2019,14,NA
"2019-12-30","West Johnston Co.","Johnston",35.59095,-78.4622,12,2019,14,NA
"2019-12-31","Clemmons Middle","Forsyth",36.026,-80.342,12,2019,13,NA
"2018-12-31","Castle Hayne","New Hanover",34.364167,-77.838611,12,2018,10,NA
